epoch,train_loss,train_rmse,train_mae,val_loss,val_mae,val_rmse,test_loss,test_mae,test_rmse
1,10.405347217874523,12.066731945468973,10.405347217874523,9.672708761556066,9.672708761556066,11.437273738158893,9.422102076406697,9.422102076406697,10.864285737846325
2,8.021155487655399,9.958299727114712,8.021155487655399,4.887709766286408,4.887709766286408,5.993980931352804,4.320275743499057,4.320275743499057,5.296730176103781
3,3.7029862083249507,5.014144437450651,3.7029862083249507,4.5864941194483535,4.5864941194483535,5.514373451578669,4.697865857422807,4.697865857422807,5.800479450778004
4,2.96571528394278,4.116498648807669,2.96571528394278,4.189312594018508,4.189312594018508,5.258454260507241,4.283771463932882,4.283771463932882,5.566939626100586
5,2.602101409213567,3.7822638920050435,2.602101409213567,1.9537448719880426,1.9537448719880426,2.8615458716878095,1.8590602437958463,1.8590602437958463,2.804590771839953
6,2.2283683016462787,3.3864704976493423,2.2283683016462787,1.8108613518254386,1.8108613518254386,2.685869385232002,1.7881912766522123,1.7881912766522123,2.7088016715096215
7,2.032690014222945,3.179597057270674,2.032690014222945,1.765289162501636,1.765289162501636,2.7452552402050787,1.7735675746247967,1.7735675746247967,2.6367401669198407
8,1.8473583635513022,2.9837592823708916,1.8473583635513022,1.4512563069057103,1.4512563069057103,2.285833101863016,1.485078314788469,1.485078314788469,2.426406289337587
9,1.7021441737640228,2.777239440109369,1.7021441737640228,1.7634287895811829,1.7634287895811829,2.702737583311996,1.7334012002435348,1.7334012002435348,2.5675563639011485
10,1.601549203360598,2.6462479892888977,1.601549203360598,1.252397724430824,1.252397724430824,2.0385024451121714,1.2724985439358776,1.2724985439358776,2.1334374850240403
11,1.4588317149130003,2.495809723663512,1.4588317149130003,1.172503106494367,1.172503106494367,1.8977740461244967,1.2540510119372652,1.2540510119372652,2.0591766457384018
12,1.4326171511744226,2.5015763700946376,1.4326171511744226,1.2920081833016284,1.2920081833016284,1.9528561710673704,1.3551879529734605,1.3551879529734605,2.165152323026723
13,1.3467932816454498,2.3166236981472403,1.3467932816454498,1.8558833889181623,1.8558833889181623,2.7186575997632865,1.7557011196631511,1.7557011196631511,2.5601785727546567
14,1.2811574103096637,2.290025313922662,1.2811574103096637,1.1873639060517227,1.1873639060517227,1.8238219244048597,1.2639180212530472,1.2639180212530472,2.056084213595913
15,1.2779061174074353,2.2902912348864133,1.2779061174074353,1.0154026828337985,1.0154026828337985,1.7707240161729088,1.1256482400966965,1.1256482400966965,1.9444200862734868
16,1.2648991696540095,2.256496176358115,1.2648991696540095,1.6710592236355684,1.6710592236355684,2.5720565754431144,1.6120509810120094,1.6120509810120094,2.402798407337576
17,1.2277455692866557,2.2000763915411676,1.2277455692866557,1.4358348511017773,1.4358348511017773,2.1948297498725573,1.4340762837242533,1.4340762837242533,2.1585198681251794
18,1.1787184019229726,2.1418901620504682,1.1787184019229726,0.9877520704450716,0.9877520704450716,1.7119255662840998,1.0827854080054595,1.0827854080054595,1.8343227832706763
19,1.1648398076686395,2.090301188788189,1.1648398076686395,0.9253157909832074,0.9253157909832074,1.6172861783959291,1.0383540546621075,1.0383540546621075,1.772605780240835
20,1.1507017166772568,2.0566996629316576,1.1507017166772568,1.0259492401841022,1.0259492401841022,1.666725112128394,1.1796349623731075,1.1796349623731075,1.9171241863478348
21,1.1362968434819052,2.1140331586429375,1.1362968434819052,0.9239881147449914,0.9239881147449914,1.6316496939056935,1.015475826409027,1.015475826409027,1.7255754747657228
22,1.0789988955032501,2.002066532259165,1.0789988955032501,0.9315408060305925,0.9315408060305925,1.6372385594914156,1.02511849294182,1.02511849294182,1.7421228062968577
23,1.0902783855632423,2.042237948052475,1.0902783855632423,0.916116558780235,0.916116558780235,1.618737686058644,1.0097627002774303,1.0097627002774303,1.7174402873582169
24,1.0750050456625084,2.0188832419454115,1.0750050456625084,0.8784899720674232,0.8784899720674232,1.5089726183953733,0.9952837419873886,0.9952837419873886,1.6940716690508093
25,1.0659850453216233,1.9609817115818255,1.0659850453216233,0.879689961785146,0.879689961785146,1.5132538639832345,0.9580404012257816,0.9580404012257816,1.671454787829393
26,0.9959086800508403,1.88888581025356,0.9959086800508403,0.8634437456330419,0.8634437456330419,1.5358199744916035,0.9413007579686987,0.9413007579686987,1.650761958400528
27,1.0095897632436521,1.8895577911427888,1.0095897632436521,0.8789993510953373,0.8789993510953373,1.5048314634379223,0.9712689650877742,0.9712689650877742,1.6611985786599952
28,0.937165277255508,1.8327535696125168,0.937165277255508,0.96929617753047,0.96929617753047,1.6754568259400426,0.9993021579189155,0.9993021579189155,1.657465876767311
29,0.9724204651673862,1.8669265196558744,0.9724204651673862,0.9291976905594307,0.9291976905594307,1.5695693891653033,0.9800272579411514,0.9800272579411514,1.6228479593280416
30,0.9414900572571688,1.8467218607564626,0.9414900572571688,1.1684604543243524,1.1684604543243524,1.912580692402796,1.1640176736671506,1.1640176736671506,1.8049233597198542
31,0.9432139830414205,1.8174517156967505,0.9432139830414205,0.7818923384064504,0.7818923384064504,1.4365716600378984,0.8763704554725239,0.8763704554725239,1.5355764000482266
32,0.9255829215277134,1.8136424226424326,0.9255829215277134,1.1007908084093392,1.1007908084093392,1.8453748247215225,1.1157273918617772,1.1157273918617772,1.7504447571522173
33,0.9447526100651673,1.8005863783412965,0.9447526100651673,0.8299939632415771,0.8299939632415771,1.4638788794965079,0.8764725495840757,0.8764725495840757,1.4938522084099766
34,0.9459532706238397,1.8516449995932263,0.9459532706238397,0.9038189252973056,0.9038189252973056,1.5744570193763847,0.9527171495306583,0.9527171495306583,1.5755823280726207
35,0.9032158174569345,1.7781993601512045,0.9032158174569345,0.8811525976703194,0.8811525976703194,1.453288198865929,0.956388839328562,0.956388839328562,1.5755442062889427
36,0.9107821770776268,1.751491652992605,0.9107821770776268,0.7872836764321127,0.7872836764321127,1.4072426049064655,0.8547708023595446,0.8547708023595446,1.4681783966891968
37,0.8920662151840566,1.7418850633037277,0.8920662151840566,1.0391355907055815,1.0391355907055815,1.7479242742699497,1.0410884937257256,1.0410884937257256,1.6207216022127382
38,0.8960387516317335,1.7553173502002037,0.8960387516317335,0.7601352379349248,0.7601352379349248,1.4077814806444031,0.8366952961637774,0.8366952961637774,1.4395773229324171
39,0.8637259765983367,1.7049388360795261,0.8637259765983367,0.9465549610866794,0.9465549610866794,1.639803120226393,0.9781019742252263,0.9781019742252263,1.5668921042389885
40,0.910090750151722,1.7726502164125328,0.910090750151722,0.9154872307306007,0.9154872307306007,1.5395764488954058,0.9773858266932364,0.9773858266932364,1.5275818711443059
41,0.8780798103676334,1.6648259789362714,0.8780798103676334,1.0157331407296795,1.0157331407296795,1.793598536897903,1.008987182879266,1.008987182879266,1.5954152522931269
42,0.9983138414752671,1.8386071172849758,0.9983138414752671,1.1401781233544586,1.1401781233544586,1.7083901485184105,1.158723157780771,1.158723157780771,1.7664443139760841
43,0.8913949337469491,1.6865498368150005,0.8913949337469491,0.8167817055499146,0.8167817055499146,1.4099404022058917,0.8796218260553957,0.8796218260553957,1.4777616587030773
44,0.8761740363832309,1.6261515782796945,0.8761740363832309,1.012286350980911,1.012286350980911,1.747579880256591,1.015802734680758,1.015802734680758,1.5851305487045728
45,0.8755386007588195,1.6858657033430944,0.8755386007588195,0.8957893028005448,0.8957893028005448,1.5443063459720532,0.9124902550500767,0.9124902550500767,1.4333312711176593
46,0.7866227106929792,1.5823449536511371,0.7866227106929792,0.8116136501497189,0.8116136501497189,1.4873514690216856,0.8326075896052004,0.8326075896052004,1.391767559069722
47,0.8194063914691941,1.624313493313878,0.8194063914691941,0.7336176833272433,0.7336176833272433,1.3729064997404603,0.768132577415641,0.768132577415641,1.3308121095045498
48,0.8227661285561838,1.6178790587837717,0.8227661285561838,0.8052504874000984,0.8052504874000984,1.4344615248250254,0.8363082909402046,0.8363082909402046,1.3710653393742256
49,0.8269618877809731,1.5925708200798525,0.8269618877809731,0.8043096298953879,0.8043096298953879,1.4470801739237922,0.8573003470442677,0.8573003470442677,1.3848242741277992
50,0.8197700854534755,1.6364934125512796,0.8197700854534755,0.8731301984406242,0.8731301984406242,1.499488812207621,0.8681270839603803,0.8681270839603803,1.384242364839586
51,0.8167268582679683,1.597130819394808,0.8167268582679683,0.7384527799294476,0.7384527799294476,1.3760952133108222,0.7639294926446812,0.7639294926446812,1.3317189969410252
52,0.7752321023968327,1.5518593949593984,0.7752321023968327,0.8840552455118854,0.8840552455118854,1.4680900847194178,0.9056873903929732,0.9056873903929732,1.4476302356942323
53,0.7827222179275043,1.5548539631242801,0.7827222179275043,0.8737957445840872,0.8737957445840872,1.4826589050001515,0.9207687377929688,0.9207687377929688,1.4252348528910854
54,0.8032453981364518,1.592348924806474,0.8032453981364518,0.7662919657765233,0.7662919657765233,1.4033304366208268,0.7862933246233991,0.7862933246233991,1.3150680334438865
55,0.8003004843641817,1.5485453735264245,0.8003004843641817,0.8643753766560283,0.8643753766560283,1.5363994813208162,0.8652263888875946,0.8652263888875946,1.3804529932065879
56,0.8036471571476618,1.5519293138511305,0.8036471571476618,0.7426338334047295,0.7426338334047295,1.3601916890734025,0.7356077732930657,0.7356077732930657,1.2643773734280124
57,0.8052401436927151,1.5971720332353525,0.8052401436927151,0.7246109417182864,0.7246109417182864,1.358878781051915,0.7226951977678837,0.7226951977678837,1.2548983540970347
58,0.7638138366359498,1.5120805940800868,0.7638138366359498,0.9332827361364329,0.9332827361364329,1.502107930729663,0.9687421230869439,0.9687421230869439,1.4367169546341088
59,0.7580545958190176,1.4780791804059437,0.7580545958190176,0.7688245922893626,0.7688245922893626,1.3929589069075523,0.7944111751236078,0.7944111751236078,1.300290325458763
60,0.7368184637045598,1.4420636082241294,0.7368184637045598,0.722015879226728,0.722015879226728,1.3708371740996128,0.7665107559611779,0.7665107559611779,1.2513045412341621
61,0.7930990331333253,1.575402429061784,0.7930990331333253,0.8301924845564954,0.8301924845564954,1.5295825655444546,0.8136284951945297,0.8136284951945297,1.3551042865972192
62,0.7598092767756839,1.4963079882509434,0.7598092767756839,0.7098571834908692,0.7098571834908692,1.3728153334413342,0.7298529976196871,0.7298529976196871,1.22261499925578
63,0.7558680049964912,1.525203385805595,0.7558680049964912,0.7692339671881934,0.7692339671881934,1.3549113517655895,0.7706717316430943,0.7706717316430943,1.2841435332317757
64,0.7252875055991642,1.4050101125075467,0.7252875055991642,0.7447535867020204,0.7447535867020204,1.3428750520214163,0.7713055355858257,0.7713055355858257,1.2793831130156945
65,0.7141071104071057,1.3991223525932759,0.7141071104071057,0.7435104658848433,0.7435104658848433,1.3800871448134007,0.7517920341200501,0.7517920341200501,1.2702049337841808
66,0.7152337979917931,1.4496436609673853,0.7152337979917931,0.7170501251637709,0.7170501251637709,1.3248103587417384,0.7333485661572172,0.7333485661572172,1.2268721356192158
67,0.7329924334556532,1.4742407096131507,0.7329924334556532,0.6878434925024953,0.6878434925024953,1.2765478083555872,0.6853593160177915,0.6853593160177915,1.1930535049906825
68,0.7372868721634078,1.4711159172658415,0.7372868721634078,0.706403399828269,0.706403399828269,1.3312451801285319,0.710101012965195,0.710101012965195,1.189027397853784
69,0.7268807041855386,1.4560516636656988,0.7268807041855386,0.7750051778532253,0.7750051778532253,1.3559835511413212,0.7801209005690714,0.7801209005690714,1.2273568201096439
70,0.7073515012369989,1.4052644730978598,0.7073515012369989,0.7102539056607525,0.7102539056607525,1.337521131298487,0.7024415776929782,0.7024415776929782,1.1666067389513322
71,0.6985174798942715,1.3849644887202912,0.6985174798942715,0.8252287822077936,0.8252287822077936,1.3892389852000278,0.8104149658261365,0.8104149658261365,1.258771865735665
72,0.721549803606942,1.39080073939202,0.721549803606942,0.702145735120592,0.702145735120592,1.317152201888521,0.6888398869347027,0.6888398869347027,1.1487707124245305
73,0.7236273568416699,1.3762364602395905,0.7236273568416699,0.748293038103517,0.748293038103517,1.37441019257363,0.7426033020019531,0.7426033020019531,1.22764953439772
74,0.7377337776994956,1.4414664087945868,0.7377337776994956,0.7461747826278889,0.7461747826278889,1.3214222539318972,0.7254534677694772,0.7254534677694772,1.166123978107886
75,0.720447476898197,1.3571463530837893,0.720447476898197,0.7564661230877778,0.7564661230877778,1.361668785778665,0.7398225642342604,0.7398225642342604,1.2227636741817576
76,0.6904433161290304,1.3731957142501998,0.6904433161290304,0.6653039985736513,0.6653039985736513,1.307229964385868,0.6644671491084208,0.6644671491084208,1.110335628590324
77,0.6932379604238639,1.3837946651660662,0.6932379604238639,0.7466054264130247,0.7466054264130247,1.3010529184662323,0.7333692375940221,0.7333692375940221,1.1289453251080253
78,0.6950018539506023,1.348108063383107,0.6950018539506023,0.7609623967468059,0.7609623967468059,1.3435853791010093,0.7392431907071412,0.7392431907071412,1.1833520772822244
79,0.6826382794434762,1.3443913993576224,0.6826382794434762,0.7175020867880759,0.7175020867880759,1.2917955961496101,0.7252765775636862,0.7252765775636862,1.1878203423183098
80,0.6962164685051954,1.3423910499699183,0.6962164685051954,0.7673494484941316,0.7673494484941316,1.3638186870969367,0.7527269206884253,0.7527269206884253,1.1940551884231312
81,0.6654304634490125,1.3142029525668608,0.6654304634490125,0.6981689737323572,0.6981689737323572,1.2765949483554442,0.6718152024363744,0.6718152024363744,1.0983034752078706
82,0.6736844889197852,1.310536437933935,0.6736844889197852,0.7002373070317983,0.7002373070317983,1.293184777216549,0.6814067764136628,0.6814067764136628,1.1138211972282361
83,0.6620995677762448,1.2855835937009747,0.6620995677762448,0.6599944222562667,0.6599944222562667,1.2506971369741515,0.6542437222167736,0.6542437222167736,1.1216605743953167
84,0.6774869339489971,1.361895889143291,0.6774869339489971,0.6722030469673215,0.6722030469673215,1.2672968696131817,0.6565613928641981,0.6565613928641981,1.0838920892397264
85,0.6922590403711449,1.334828070304936,0.6922590403711449,0.8380966993339162,0.8380966993339162,1.4191079043074049,0.8081364522453482,0.8081364522453482,1.22203521366297
86,0.6754594581946908,1.2789437072755725,0.6754594581946908,0.7007585059100684,0.7007585059100684,1.2657583514103679,0.7083650436110169,0.7083650436110169,1.1347820097710501
87,0.6549166015459915,1.2789240312053296,0.6549166015459915,0.6726222373686815,0.6726222373686815,1.277428209655592,0.6555755456895319,0.6555755456895319,1.0893301481205329
88,0.6607349672428926,1.2901518467669835,0.6607349672428926,0.7717427416446091,0.7717427416446091,1.3352343205099322,0.7151392152291218,0.7151392152291218,1.1112386202529034
89,0.6834716850880163,1.2999436142448022,0.6834716850880163,0.7981816847514743,0.7981816847514743,1.3545244996179941,0.7764655051340583,0.7764655051340583,1.214491957028676
90,0.6512607890023581,1.255056982047227,0.6512607890023581,0.8063361925770575,0.8063361925770575,1.332069749884982,0.8058956997995158,0.8058956997995158,1.2660822467936215
91,0.6686299916500698,1.309102055397725,0.6686299916500698,0.6716608917305225,0.6716608917305225,1.2494945439723488,0.6350771725632762,0.6350771725632762,1.046509591061547
92,0.6408017140999259,1.2314125685448527,0.6408017140999259,0.6667204197821962,0.6667204197821962,1.2644691251343787,0.6481378615357494,0.6481378615357494,1.0689147479272352
93,0.6407102656523614,1.2161993299374196,0.6407102656523614,0.7820905984127929,0.7820905984127929,1.3340594058098787,0.7275904881135198,0.7275904881135198,1.1099215372071742
94,0.639528692536088,1.209021112267381,0.639528692536088,0.7153917326673356,0.7153917326673356,1.273073548705358,0.6726424967059652,0.6726424967059652,1.0833584380661652
95,0.6378591689940686,1.227532148020121,0.6378591689940686,0.6729918246940062,0.6729918246940062,1.2365894916783853,0.6688167575661462,0.6688167575661462,1.1127690319185415
96,0.6129286930881686,1.189570948829751,0.6129286930881686,0.6893348578264504,0.6893348578264504,1.2554329732600378,0.6545850611825026,0.6545850611825026,1.0678105590118998
97,0.6249140465492626,1.1686232508678465,0.6249140465492626,0.7955827212152372,0.7955827212152372,1.315027298660431,0.7590003632407152,0.7590003632407152,1.1851542052451012
98,0.6377212359158266,1.2072801344952926,0.6377212359158266,0.7714722779767141,0.7714722779767141,1.312233586497332,0.7415467473386809,0.7415467473386809,1.1755993300784469
99,0.6320210286532917,1.2208126473551884,0.6320210286532917,0.6711042500720731,0.6711042500720731,1.251286657256925,0.6541514196468674,0.6541514196468674,1.0704454702971955
100,0.6266102128558688,1.1555021869380189,0.6266102128558688,0.6920686264455091,0.6920686264455091,1.2545715611545738,0.6472797757796659,0.6472797757796659,1.0991730111433868
101,0.6178637168267596,1.169254678513359,0.6178637168267596,0.7176029768280203,0.7176029768280203,1.3014245954321766,0.6854063281576142,0.6854063281576142,1.08591867544025
102,0.6219748927401996,1.1878088479048874,0.6219748927401996,0.7558059164326454,0.7558059164326454,1.2748966079560378,0.7254487831173962,0.7254487831173962,1.153636389092962
103,0.6304383080916344,1.2021569795249245,0.6304383080916344,0.6703101548405201,0.6703101548405201,1.224523845769988,0.6535959480373004,0.6535959480373004,1.0785744894107245
104,0.6208511401939574,1.1954421056812015,0.6208511401939574,0.7133956433702331,0.7133956433702331,1.3943311870756776,0.6784250190239827,0.6784250190239827,1.0906960310730016
105,0.6059151403694762,1.192667623446223,0.6059151403694762,0.727858883119808,0.727858883119808,1.273169019841571,0.7011289196160003,0.7011289196160003,1.146719884270126
106,0.6217401128299588,1.205474180156524,0.6217401128299588,0.6581559759129136,0.6581559759129136,1.2483849086821432,0.6258312363660973,0.6258312363660973,1.0383862673392013
107,0.6236954063077625,1.2125949808456356,0.6236954063077625,0.69924853373843,0.69924853373843,1.3296748580993312,0.6411441455360587,0.6411441455360587,1.0648289606659707
108,0.6299597723858096,1.1895534430564332,0.6299597723858096,0.741356673802713,0.741356673802713,1.4357701006628922,0.6583550940943128,0.6583550940943128,1.12576217329254
109,0.6378637273708411,1.2464678489314867,0.6378637273708411,0.8595446756130842,0.8595446756130842,1.365614966888803,0.7870619934023791,0.7870619934023791,1.171157311195472
110,0.675524745859529,1.253231996687242,0.675524745859529,0.6588298902765426,0.6588298902765426,1.2174544102004017,0.6409688396308258,0.6409688396308258,1.0665827173341136
111,0.6670537204417264,1.2348209041951097,0.6670537204417264,0.7106199235063996,0.7106199235063996,1.3336833514001032,0.6727213149762336,0.6727213149762336,1.0558127671148638
112,0.6248514981115211,1.1622068409585475,0.6248514981115211,0.6884946782326063,0.6884946782326063,1.2668012752235973,0.6655315370050096,0.6655315370050096,1.082208058709624
113,0.6377197931537073,1.1805260357370135,0.6377197931537073,0.6811306385939565,0.6811306385939565,1.2497015281248112,0.6779341242695582,0.6779341242695582,1.0693821486821222
114,0.5894348306006685,1.1236849530117252,0.5894348306006685,0.6765998445536248,0.6765998445536248,1.2770888498632862,0.6521255697002848,0.6521255697002848,1.0638822583741354
115,0.6244386023547346,1.2005960269376785,0.6244386023547346,0.7307000729067697,0.7307000729067697,1.2825828803642154,0.7224891276759956,0.7224891276759956,1.1468508845311387
116,0.597690079345212,1.1411310594083015,0.597690079345212,0.6638128390330326,0.6638128390330326,1.3001079713158987,0.6314199498591532,0.6314199498591532,1.0204357894103766
117,0.6060258876896496,1.158653561080929,0.6060258876896496,0.7007940916960683,0.7007940916960683,1.2853047426432325,0.6538544665766126,0.6538544665766126,1.055359444021996
118,0.589753849752528,1.145071417704388,0.589753849752528,0.7028926139548705,0.7028926139548705,1.3021844954458006,0.6528025292258226,0.6528025292258226,1.0624254506289295
119,0.5964575438028753,1.1692401045666005,0.5964575438028753,0.7280778266177884,0.7280778266177884,1.2689195178545272,0.6965663742473107,0.6965663742473107,1.0838306567495224
120,0.6064528694423427,1.16020589103344,0.6064528694423427,0.6365125172491762,0.6365125172491762,1.2184751268895735,0.6081866981418989,0.6081866981418989,1.0463184860678796
121,0.6160665013759433,1.1810492453941233,0.6160665013759433,0.640214123880002,0.640214123880002,1.2067477425503608,0.6051453852471504,0.6051453852471504,1.0353230982139134
122,0.5869629836162045,1.112923770588696,0.5869629836162045,0.6767832768280696,0.6767832768280696,1.2508142694701898,0.6391231686104345,0.6391231686104345,1.0766035981186721
123,0.5844011327796285,1.104778226353068,0.5844011327796285,0.6468684460273714,0.6468684460273714,1.2198812506979253,0.6010362392163459,0.6010362392163459,1.0510438628630205
124,0.5867341153952527,1.1515138794481043,0.5867341153952527,0.7129013243736876,0.7129013243736876,1.2350311485226788,0.693255511858991,0.693255511858991,1.0870405167158692
125,0.5750907206171515,1.0971592025183812,0.5750907206171515,0.6628663063955851,0.6628663063955851,1.2482472694236273,0.627597006222674,0.627597006222674,1.011850122931864
126,0.5938851918330577,1.121554371141853,0.5938851918330577,0.7925380976027863,0.7925380976027863,1.3696463027496377,0.7405753991076054,0.7405753991076054,1.175890736997736
127,0.5859304653444231,1.1408201580566057,0.5859304653444231,0.6349362323039385,0.6349362323039385,1.2535454294730801,0.5920409573853471,0.5920409573853471,0.9851684127660819
128,0.5982723170709314,1.170857578217557,0.5982723170709314,0.65204983247097,0.65204983247097,1.2504056361219722,0.6006040764218978,0.6006040764218978,0.9873661083188179
129,0.5853214404897913,1.1305259089840556,0.5853214404897913,0.6648541881557654,0.6648541881557654,1.2275414875387503,0.6428492178443734,0.6428492178443734,1.0732056901715832
130,0.6089305450334171,1.1446954080134162,0.6089305450334171,0.6813600840677326,0.6813600840677326,1.2788881895091933,0.6340573780409252,0.6340573780409252,1.0184187744430913
131,0.5835055904724965,1.09492307784845,0.5835055904724965,0.6876681802843914,0.6876681802843914,1.2601670236728495,0.6643159844493138,0.6643159844493138,1.1065567322481624
132,0.5426578072064481,1.0327797671642314,0.5426578072064481,0.6503197605165691,0.6503197605165691,1.2624221229868715,0.6065778240902733,0.6065778240902733,0.9994166188589729
133,0.5550557659476157,1.070807750019279,0.5550557659476157,0.6506564712343107,0.6506564712343107,1.2351096633323422,0.5809590980296827,0.5809590980296827,0.9759608416157874
134,0.5719453150963408,1.0811643867078826,0.5719453150963408,0.7076286263338967,0.7076286263338967,1.2784972422316159,0.6666380449105765,0.6666380449105765,1.1136412918454393
135,0.5886304828457793,1.103719143396795,0.5886304828457793,0.6785942685468115,0.6785942685468115,1.3053554696595822,0.6087962889489327,0.6087962889489327,1.0118983298611623
136,0.6129159007859218,1.1378131664305229,0.6129159007859218,0.7409052413679348,0.7409052413679348,1.2710753829782184,0.6970583318754007,0.6970583318754007,1.0599895258708394
137,0.5739001542770357,1.1037074934032114,0.5739001542770357,0.795357706428934,0.795357706428934,1.4301044259068836,0.726604842047655,0.726604842047655,1.1699146723175817
138,0.596906416860716,1.1145606759223248,0.596906416860716,0.6739651628773475,0.6739651628773475,1.2560836003248967,0.612669760944279,0.612669760944279,1.0023422438115923
139,0.5424402382013397,1.0321892814859073,0.5424402382013397,0.6349214814008416,0.6349214814008416,1.1909734944263064,0.6339920640901755,0.6339920640901755,1.0755715317539967
140,0.5872517077480547,1.1523992184178284,0.5872517077480547,0.6642121695293673,0.6642121695293673,1.2646302116762231,0.6140788829963626,0.6140788829963626,0.9788179362591672
141,0.5746465464916238,1.0782020644568577,0.5746465464916238,0.635318209009932,0.635318209009932,1.206236747583677,0.5890134791381486,0.5890134791381486,0.9827939269862331
142,0.5630865151619536,1.0651031070285373,0.5630865151619536,0.6325965133909943,0.6325965133909943,1.2170959008006057,0.6006330178894159,0.6006330178894159,1.029683994444157
143,0.5792516039903811,1.1152712217557412,0.5792516039903811,0.6469899073753067,0.6469899073753067,1.225000154769484,0.5852299764866137,0.5852299764866137,0.9886377560164684
144,0.5758962322543448,1.070027727766951,0.5758962322543448,0.7295672877659816,0.7295672877659816,1.2396496431227404,0.7088765697624847,0.7088765697624847,1.1438108901958732
145,0.5716665354750529,1.0809025200537743,0.5716665354750529,0.6249858675800802,0.6249858675800802,1.2594612740020827,0.580576168671819,0.580576168671819,0.957081316725714
146,0.5547999956520273,1.0662480651280626,0.5547999956520273,0.6448101405861714,0.6448101405861714,1.2068827003486797,0.6187740609846042,0.6187740609846042,1.0840825976534294
147,0.584067574500128,1.0974031708384901,0.584067574500128,0.6856417708070559,0.6856417708070559,1.260739592092505,0.634574999336068,0.634574999336068,1.026672808521413
148,0.5819494573059227,1.1127033696381547,0.5819494573059227,0.731562273583938,0.731562273583938,1.2800537428569758,0.6951996788723778,0.6951996788723778,1.1039340828120299
149,0.5644758773179752,1.1034790146731739,0.5644758773179752,0.6317652271274378,0.6317652271274378,1.2170711651676476,0.5905970999302755,0.5905970999302755,1.0336783287929703
150,0.5433099419375971,1.050652287889789,0.5433099419375971,0.6332018080773009,0.6332018080773009,1.2220818042908221,0.5685339610995227,0.5685339610995227,0.9613110645918412
151,0.5361795489084283,1.0458275106445516,0.5361795489084283,0.6372063354847549,0.6372063354847549,1.221893458710004,0.575504781635663,0.575504781635663,0.9709958568692765
152,0.5755674801784637,1.0925055993529917,0.5755674801784637,0.6587719031159869,0.6587719031159869,1.2405943293174915,0.5891667540746791,0.5891667540746791,1.0312289982143383
153,0.574399753133058,1.095525676259326,0.574399753133058,0.6531893941839385,0.6531893941839385,1.2353498328681871,0.5789665375047057,0.5789665375047057,0.9628896874947048
154,0.561125524850135,1.0657158849008548,0.561125524850135,0.6553319441048364,0.6553319441048364,1.1940386700404102,0.6111120740875943,0.6111120740875943,1.0434535088488
155,0.5388758000045034,1.0555210334662317,0.5388758000045034,0.638870030528239,0.638870030528239,1.209132714992859,0.5781738858186561,0.5781738858186561,0.989967908013344
156,0.5398337136266569,1.051768745191335,0.5398337136266569,0.6582952531571624,0.6582952531571624,1.17483416327426,0.6093925428754501,0.6093925428754501,1.0333298114878475
157,0.5531942831315935,1.0405455575878415,0.5531942831315935,0.615728990433334,0.615728990433334,1.175930997798505,0.5877543169123526,0.5877543169123526,1.0520038606915354
158,0.5578420721580712,1.0775677264731556,0.5578420721580712,0.6422972343720411,0.6422972343720411,1.1895287823401035,0.5749493964755809,0.5749493964755809,0.9852252497396773
159,0.518567615937891,0.9843470206076496,0.518567615937891,0.6334371593968496,0.6334371593968496,1.1963435832186369,0.5983547345372556,0.5983547345372556,0.9888507203776771
160,0.5125523794106659,0.9857623108694198,0.5125523794106659,0.6485426337546722,0.6485426337546722,1.2000883852282043,0.5941070381921666,0.5941070381921666,1.0354861934002018
161,0.5323938443993863,1.0485249962417864,0.5323938443993863,0.695781000213478,0.695781000213478,1.2348278819725513,0.617386979001169,0.617386979001169,1.006137412256142
162,0.5516061936751626,1.0734723265761128,0.5516061936751626,0.617047473731603,0.617047473731603,1.1894893396245707,0.5565292716936301,0.5565292716936301,0.9739166488371768
163,0.540997029345662,1.0436929706510727,0.540997029345662,0.6767889435753622,0.6767889435753622,1.2552066838857918,0.5928072756483355,0.5928072756483355,0.9822314177364332
164,0.5678655754598937,1.0722634087702634,0.5678655754598937,0.6506430608691371,0.6506430608691371,1.252924826441908,0.5622125490931155,0.5622125490931155,0.946617859274762
165,0.5266085975387294,0.9969221327381016,0.5266085975387294,0.6567422629762512,0.6567422629762512,1.2283337276759017,0.6218009950550458,0.6218009950550458,1.048185161708783
166,0.5457300504276056,1.058038152736542,0.5457300504276056,0.6307035723113289,0.6307035723113289,1.2141764927836403,0.5757237718305515,0.5757237718305515,0.9696762252421555
167,0.5519490551255007,1.0701988027615381,0.5519490551255007,0.6721983946321581,0.6721983946321581,1.2185307376453929,0.6361036864855817,0.6361036864855817,1.0366291778102525
168,0.5358169075984527,1.0489016986200226,0.5358169075984527,0.6310334228290805,0.6310334228290805,1.193681294848972,0.5816725410577905,0.5816725410577905,1.061903269961562
169,0.5347926160751437,1.0299847903681416,0.5347926160751437,0.7073071401835395,0.7073071401835395,1.2105204529981914,0.6635401594729824,0.6635401594729824,1.068584262436209
170,0.5067683673211945,0.9723771342107894,0.5067683673211945,0.6345961841793568,0.6345961841793568,1.208099565399892,0.5547114856370533,0.5547114856370533,0.9413888523741285
171,0.5166403411056635,1.017634190487532,0.5166403411056635,0.648754772124635,0.648754772124635,1.2397001150546008,0.5747372876596815,0.5747372876596815,0.9758916367058469
172,0.5336720066009162,1.033907667079538,0.5336720066009162,0.7073426072135172,0.7073426072135172,1.2109429012960902,0.663577884208155,0.663577884208155,1.1015048238857208
173,0.5703941880946053,1.1079511459406979,0.5703941880946053,0.6773902118885925,0.6773902118885925,1.2842339538068777,0.5831877002279267,0.5831877002279267,0.9905249884283781
174,0.5307602437269022,1.0188628944488838,0.5307602437269022,0.6443057311805029,0.6443057311805029,1.168558698974706,0.6054078577128985,0.6054078577128985,1.0063339377087615
175,0.5163013177027177,0.9926858625357413,0.5163013177027177,0.6139027843457211,0.6139027843457211,1.172629652434997,0.5740800941263446,0.5740800941263446,1.0079351118416742
176,0.5389017349603805,1.016929886570759,0.5389017349603805,0.6074749791123568,0.6074749791123568,1.1801509172208478,0.5538409939249054,0.5538409939249054,1.02194179082698
177,0.5312824075314109,1.0237760593849077,0.5312824075314109,0.7311452173914746,0.7311452173914746,1.2987147746331285,0.6334721705385746,0.6334721705385746,1.04521599719377
178,0.5201135802450894,1.0000700345480504,0.5201135802450894,0.6354559181760926,0.6354559181760926,1.235257132030708,0.5606930164890435,0.5606930164890435,0.9730433006171522
179,0.525944718788167,1.0130523550663895,0.525944718788167,0.6659084948296783,0.6659084948296783,1.223817969649016,0.6241647423678682,0.6241647423678682,1.0477888367877826
180,0.5186247835428759,1.0090248117176306,0.5186247835428759,0.6516420514864614,0.6516420514864614,1.2406005627599017,0.5694177178026155,0.5694177178026155,0.9604203233940194
181,0.5552246195535518,1.025670955962207,0.5552246195535518,0.6464810811068169,0.6464810811068169,1.2173531348440094,0.5845899763908095,0.5845899763908095,1.0362775643192053
182,0.50067963546722,0.9903159572444874,0.50067963546722,0.6219115189273094,0.6219115189273094,1.2022016624438088,0.5691355239344007,0.5691355239344007,0.9778088662766812
183,0.5160843430954783,1.0012742175507898,0.5160843430954783,0.6178006022148712,0.6178006022148712,1.2558191104390777,0.536737744134801,0.536737744134801,0.9114331562609806
184,0.5236077391367955,1.0247607891424304,0.5236077391367955,0.6185728245814943,0.6185728245814943,1.2022502705561562,0.5705158819679086,0.5705158819679086,1.021905450656421
185,0.5184346724818534,1.0034322108776728,0.5184346724818534,0.6363556477960072,0.6363556477960072,1.2020357256938692,0.559067549596306,0.559067549596306,0.9691087386856649
186,0.5497599760861868,1.0270623901541822,0.5497599760861868,0.6154539403806621,0.6154539403806621,1.2391722681213926,0.5198464393615723,0.5198464393615723,0.899792228866082
187,0.5210175745874913,0.9903431747661184,0.5210175745874913,0.6514370126416021,0.6514370126416021,1.199142111355069,0.5860547346013193,0.5860547346013193,1.0096441331547465
188,0.5160849077620845,1.0107383945184942,0.5160849077620845,0.6595450993273195,0.6595450993273195,1.2498893351575298,0.5633955411328614,0.5633955411328614,0.9682607220672574
189,0.5063754323839743,0.9818608122435876,0.5063754323839743,0.6265614486012622,0.6265614486012622,1.2040068736238725,0.5582776488238619,0.5582776488238619,0.9851247598475167
190,0.5000299458908478,0.9568247723903438,0.5000299458908478,0.6193888769856877,0.6193888769856877,1.189428710610724,0.5500135913150002,0.5500135913150002,1.0042419805858873
191,0.5046031045015505,0.9956997852696086,0.5046031045015505,0.6241572243179205,0.6241572243179205,1.1894923985828438,0.5579476047108192,0.5579476047108192,1.0196282132955095
192,0.5113092501162346,0.9592442007706059,0.5113092501162346,0.692336453457749,0.692336453457749,1.2424281812801754,0.612122732264395,0.612122732264395,1.0336861075009125
193,0.5040720486049716,0.9847411669375047,0.5040720486049716,0.6049143379632058,0.6049143379632058,1.1741777134550846,0.535840553181772,0.535840553181772,0.9589722515864139
194,0.5061755940126247,0.9991937413577188,0.5061755940126247,0.6135036095466904,0.6135036095466904,1.2061374749051692,0.5219356376706189,0.5219356376706189,0.9013579685511774
195,0.4872953390358855,0.9563830050617158,0.4872953390358855,0.6367567306235716,0.6367567306235716,1.2958883965945673,0.5325585703813392,0.5325585703813392,0.9299916530836678
196,0.5026803566804657,0.9445801621314509,0.5026803566804657,0.6196960584745661,0.6196960584745661,1.228274449792694,0.5230630044718735,0.5230630044718735,0.909902112164098
197,0.4945259896641296,0.9654592903784814,0.4945259896641296,0.6368319446596356,0.6368319446596356,1.2189461218430613,0.57474099952756,0.57474099952756,1.01441922159086
198,0.5119279370344305,0.9580197170568638,0.5119279370344305,0.6422615969135734,0.6422615969135734,1.2616809630545576,0.5504561926572378,0.5504561926572378,0.9484637328493324
199,0.5166698518285993,0.9788947797242266,0.5166698518285993,0.6507197375986513,0.6507197375986513,1.2032797993889954,0.5848762352047986,0.5848762352047986,1.011214692683258
200,0.49478240381494615,0.9636503542725905,0.49478240381494615,0.6347303877765235,0.6347303877765235,1.1994691793903463,0.5748548944487827,0.5748548944487827,1.0037394649731737
201,0.4997938733244147,1.00944953096669,0.4997938733244147,0.6611193604342385,0.6611193604342385,1.244165710837155,0.5656385467252658,0.5656385467252658,0.9474061222465245
202,0.48458225509923697,0.9465856203080133,0.48458225509923697,0.6488664034654885,0.6488664034654885,1.247468761523949,0.5469473918885676,0.5469473918885676,0.9452864111634116
203,0.4975913484209085,0.9610470616084141,0.4975913484209085,0.6568349463858079,0.6568349463858079,1.2241948194133032,0.6014493166945363,0.6014493166945363,1.0303249971270656
204,0.512147922543156,0.9575789414761916,0.512147922543156,0.6293559532201789,0.6293559532201789,1.2024595416904258,0.5458071486640522,0.5458071486640522,0.9276892505551708
205,0.5142551312488661,0.9757283743245293,0.5142551312488661,0.620912139180042,0.620912139180042,1.209763729756992,0.5302807001667168,0.5302807001667168,0.9055911955809675
206,0.5143453301733087,0.9948485296114775,0.5143453301733087,0.6569963412593073,0.6569963412593073,1.2400910971973014,0.5786255998465851,0.5786255998465851,0.9410775029811708
207,0.4954925195540936,0.9577538378192063,0.4954925195540936,0.6944554874198972,0.6944554874198972,1.2735613301098454,0.6327963148364584,0.6327963148364584,1.0894806448074699
208,0.48265903315546405,0.9227026277459345,0.48265903315546405,0.6584874627254762,0.6584874627254762,1.2895912342238822,0.5448233157623815,0.5448233157623815,0.9331415262917607
209,0.4750399137742757,0.9205208492665616,0.4750399137742757,0.6172818271832774,0.6172818271832774,1.192790761735008,0.5457182631237816,0.5457182631237816,0.9620648148782296
210,0.4751557019647099,0.9333787451599914,0.4751557019647099,0.6179749505601455,0.6179749505601455,1.1872384130770097,0.5336293846596288,0.5336293846596288,0.9751812154020564
211,0.48983546208926027,0.9688284415884932,0.48983546208926027,0.6454862281396815,0.6454862281396815,1.2462532394896455,0.5344694334132071,0.5344694334132071,0.9174753557963471
212,0.4880721223996717,0.9739628713586869,0.4880721223996717,0.6095142459688078,0.6095142459688078,1.213574392956816,0.5101294244518717,0.5101294244518717,0.9230414123755044
213,0.47732307814846847,0.9191758839584955,0.47732307814846847,0.6023906909014336,0.6023906909014336,1.153370113155285,0.5139490029284062,0.5139490029284062,0.9769662977938758
214,0.4740956661868334,0.9228972262237887,0.4740956661868334,0.6266683312876596,0.6266683312876596,1.1995804369137812,0.5275161393726145,0.5275161393726145,0.9559872580003839
215,0.4715725358577359,0.9420465835515351,0.4715725358577359,0.6397976641872537,0.6397976641872537,1.2359714518411256,0.5338727408693037,0.5338727408693037,0.9072636264861302
216,0.4790825871950567,0.9464927436512995,0.4790825871950567,0.6816188402955523,0.6816188402955523,1.2436510963692626,0.5580632349916996,0.5580632349916996,0.92962287620967
217,0.49012468451821467,0.9622133857134018,0.49012468451821467,0.6185085059572082,0.6185085059572082,1.199499131134871,0.4987177639517165,0.4987177639517165,0.893364805292534
218,0.4885072643607926,0.9412629750722012,0.4885072643607926,0.6406837359580704,0.6406837359580704,1.2875153459995212,0.5156938110599081,0.5156938110599081,0.8904331271867871
219,0.5052133754826638,0.9682911099509848,0.5052133754826638,0.603930454743679,0.603930454743679,1.1980935022397903,0.497644275199366,0.497644275199366,0.8751436758278143
220,0.4934153597469721,0.9446582449693366,0.4934153597469721,0.626649955153012,0.626649955153012,1.2152719492867208,0.516935286631111,0.516935286631111,0.9243323757756043
221,0.4810038400111337,0.9217909311020324,0.4810038400111337,0.643390302422382,0.643390302422382,1.229462772699395,0.5362875061180755,0.5362875061180755,0.9225090917032215
222,0.46138729987169486,0.8828205517433232,0.46138729987169486,0.6296162831919275,0.6296162831919275,1.2038115810868086,0.5127914334071502,0.5127914334071502,0.9177203289751831
223,0.46735166724545646,0.8873935154522381,0.46735166724545646,0.6208955427992933,0.6208955427992933,1.225047337311643,0.5024796046373499,0.5024796046373499,0.8842738217072119
224,0.5093063156719599,0.9592062303379825,0.5093063156719599,0.6341723158332332,0.6341723158332332,1.187953390260533,0.534491824739762,0.534491824739762,0.9719274583167715
225,0.4935095810469526,0.9397574806986505,0.4935095810469526,0.6223760768487879,0.6223760768487879,1.1990150834989615,0.5064782877914779,0.5064782877914779,0.8844298756496909
226,0.48751970864104044,0.9259097563350661,0.48751970864104044,0.6316374610585405,0.6316374610585405,1.2019401175827051,0.5563647710640012,0.5563647710640012,0.958776745122238
227,0.47880069929244806,0.9027179666343165,0.47880069929244806,0.6120953781976446,0.6120953781976446,1.2185034741046998,0.5040263592741872,0.5040263592741872,0.9022261345411009
228,0.47173247819976916,0.9330996743371842,0.47173247819976916,0.6238829890131498,0.6238829890131498,1.2281736601409017,0.5256617860939666,0.5256617860939666,0.9338804926369039
229,0.4832520690712408,0.9604836905860992,0.4832520690712408,0.5886140880475933,0.5886140880475933,1.2013391171191232,0.5075691101205257,0.5075691101205257,0.9112728885096939
230,0.46708485477017286,0.9280893681557564,0.46708485477017286,0.6608649607846946,0.6608649607846946,1.2453090727424556,0.5447020348701769,0.5447020348701769,0.9441857710875147
231,0.4817118403965027,0.9516699011688523,0.4817118403965027,0.710341965517617,0.710341965517617,1.2591430356137217,0.6132376139400569,0.6132376139400569,0.9853773921690228
232,0.4767187309367462,0.9382449681268855,0.4767187309367462,0.6335241737927774,0.6335241737927774,1.2699835873788143,0.5166547607829552,0.5166547607829552,0.9023468455204844
233,0.4718851680180318,0.9424385436103068,0.4718851680180318,0.6226437472571892,0.6226437472571892,1.2074726807191751,0.5236525171585665,0.5236525171585665,0.9183692225863167
234,0.46626965690921135,0.9267317810454253,0.46626965690921135,0.6184232346005313,0.6184232346005313,1.2081295560533378,0.5049458787641452,0.5049458787641452,0.9060835257403571
235,0.4638996743621517,0.9012513826958725,0.4638996743621517,0.6062584587376381,0.6062584587376381,1.2038034661549695,0.5235178470611572,0.5235178470611572,0.9150547901788946
236,0.4821244351455696,0.9497353998774509,0.4821244351455696,0.6535350272410723,0.6535350272410723,1.2687367040501976,0.5342948682435597,0.5342948682435597,0.9204061332869767
237,0.4652352774063632,0.9198881459906946,0.4652352774063632,0.6168415290321234,0.6168415290321234,1.2302351789370671,0.5046903891417817,0.5046903891417817,0.8800034555884211
238,0.48578335877026496,0.949728309227048,0.48578335877026496,0.6055833264448797,0.6055833264448797,1.1975040523140388,0.4863070504355977,0.4863070504355977,0.8807632472092646
239,0.49182781959409994,0.9331128681962355,0.49182781959409994,0.5718204172845123,0.5718204172845123,1.156491309205539,0.4928347518425861,0.4928347518425861,0.9058596680918221
240,0.525184621882541,0.9856846325444106,0.525184621882541,0.6202992633721675,0.6202992633721675,1.2608529770089956,0.4996290643706576,0.4996290643706576,0.8973318245272602
241,0.4757950706429634,0.9167289901586959,0.4757950706429634,0.666466560427227,0.666466560427227,1.2412420965847852,0.5567374202131316,0.5567374202131316,0.9224623527705712
242,0.48922517860168835,0.94707955572795,0.48922517860168835,0.6233957695417078,0.6233957695417078,1.2441969839054028,0.5246458494936237,0.5246458494936237,0.9027328060914381
243,0.48568485470459355,0.9361998860359647,0.48568485470459355,0.6096452300086221,0.6096452300086221,1.2366349722692402,0.49373135038914573,0.49373135038914573,0.9190587239145405
244,0.48764243180489164,0.9522613646248493,0.48764243180489164,0.6083959812447145,0.6083959812447145,1.2343063711798004,0.5061164966976369,0.5061164966976369,0.9432054727845693
245,0.5031593988268047,0.9567343516183797,0.5031593988268047,0.6151696874161637,0.6151696874161637,1.2272056143940748,0.5239225898990194,0.5239225898990194,0.9900423617289039
246,0.4555209042858839,0.9025729394948192,0.4555209042858839,0.6132675991765446,0.6132675991765446,1.23351345022881,0.5102691868789323,0.5102691868789323,0.9105803608205224
247,0.4685011234917866,0.8896533918767301,0.4685011234917866,0.6834999898540657,0.6834999898540657,1.309325687650586,0.5980855353915965,0.5980855353915965,1.032172484711685
248,0.48456768993542315,0.9413790670985203,0.48456768993542315,0.5811666089319004,0.5811666089319004,1.2081174988012235,0.5049535918781776,0.5049535918781776,0.9395387820590811
249,0.48873441604187673,0.9398292828925064,0.48873441604187673,0.6733969737821659,0.6733969737821659,1.3185828215779722,0.5808369476376599,0.5808369476376599,0.9977428819956773
250,0.4759927320235902,0.9322024312085291,0.4759927320235902,0.6389711190992435,0.6389711190992435,1.2462286777724267,0.5239086269422342,0.5239086269422342,0.8965486098939269
251,0.4775675407863539,0.8822479332181233,0.4775675407863539,0.5854404076877202,0.5854404076877202,1.1677128354643802,0.4907789266746463,0.4907789266746463,0.8894236129819909
252,0.478663434030672,0.9235986797196785,0.478663434030672,0.6135194265343844,0.6135194265343844,1.2147413793655821,0.5035582007342623,0.5035582007342623,0.917430901158101
253,0.4794494045252566,0.9528447306605254,0.4794494045252566,0.619477303535766,0.619477303535766,1.2463786634054121,0.5101702709234398,0.5101702709234398,0.9031907379231294
254,0.454121487349286,0.903743019147208,0.454121487349286,0.6028165527169695,0.6028165527169695,1.2501821321798396,0.47856732088190906,0.47856732088190906,0.8823552353483254
255,0.47071086710898946,0.8982181229873334,0.47071086710898946,0.6286233038050141,0.6286233038050141,1.2487744431631227,0.512764293728894,0.512764293728894,0.8994922838685999
256,0.4458934761935549,0.8831182476674936,0.4458934761935549,0.6075304789688197,0.6075304789688197,1.2329130666697214,0.4770368474130412,0.4770368474130412,0.887152692919345
257,0.44734955214862887,0.871505300346078,0.44734955214862887,0.588376426424817,0.588376426424817,1.2039390384334578,0.498679980976891,0.498679980976891,0.9233445359261265
258,0.43539429910420574,0.8490960697475137,0.43539429910420574,0.6029678555949106,0.6029678555949106,1.1965897992422583,0.5107674398495041,0.5107674398495041,0.9551844091920249
259,0.4474632230951039,0.878355111004798,0.4474632230951039,0.5873541591738567,0.5873541591738567,1.1554321347987273,0.514453245483282,0.514453245483282,0.9725442026165197
260,0.45366455304037123,0.9179310892727697,0.45366455304037123,0.6095997430525805,0.6095997430525805,1.2432994285212409,0.5138784697037617,0.5138784697037617,0.9268886881950729
261,0.4710869986384496,0.9008985184236089,0.4710869986384496,0.5973522912413448,0.5973522912413448,1.1965560392341654,0.4991583423760101,0.4991583423760101,0.9737494670718918
262,0.4807952580619097,0.9469269092559359,0.4807952580619097,0.6310086175516078,0.6310086175516078,1.32184324427749,0.49138455400030123,0.49138455400030123,0.8814368519115884
263,0.4487469363735583,0.8846357677684378,0.4487469363735583,0.6249301694191908,0.6249301694191908,1.203179030316343,0.5313686614728156,0.5313686614728156,0.9683811638183057
264,0.46315840851652323,0.9055737629355165,0.46315840851652323,0.6192363085855549,0.6192363085855549,1.2419121261845774,0.504097492640255,0.504097492640255,0.9277816128994316
265,0.4661249714092124,0.9216182110817818,0.4661249714092124,0.6085630913651034,0.6085630913651034,1.2470163568514652,0.5163816177208005,0.5163816177208005,0.935675553654821
266,0.46303153876526104,0.9051784106419662,0.46303153876526104,0.5987961197080721,0.5987961197080721,1.2042184400392386,0.5010305952479821,0.5010305952479821,0.8969393114791403
267,0.45798624325037346,0.9329560903008915,0.45798624325037346,0.5908415582696748,0.5908415582696748,1.2183294782275147,0.46792236357244826,0.46792236357244826,0.8800749624648405
268,0.4587157445972626,0.8819532385597811,0.4587157445972626,0.6132745529762239,0.6132745529762239,1.2477513448258437,0.47695167237565717,0.47695167237565717,0.8928198971774558
269,0.47065461452199436,0.9376698366846422,0.47065461452199436,0.5953967720836741,0.5953967720836741,1.2269200048849496,0.4998713786365422,0.4998713786365422,0.9130288436635556
270,0.4650206750611436,0.9091418811577981,0.4650206750611436,0.5749653983478764,0.5749653983478764,1.1744842148618089,0.4957197950086521,0.4957197950086521,0.9663135293051918
271,0.4531428381324553,0.8813843063132559,0.4531428381324553,0.5920913597930066,0.5920913597930066,1.242880762989688,0.47425750239204817,0.47425750239204817,0.8785547694198904
272,0.44436735723435905,0.8606945625020028,0.44436735723435905,0.5996601613302195,0.5996601613302195,1.3033664195735744,0.46044302532691084,0.46044302532691084,0.8620077626830145
273,0.4736100518538603,0.9210685755334471,0.4736100518538603,0.6171049790690607,0.6171049790690607,1.228354355154048,0.5418536581155908,0.5418536581155908,0.99093120814921
274,0.47034753320412687,0.8853731443044056,0.47034753320412687,0.6013981208148564,0.6013981208148564,1.226470931098367,0.5053759795108824,0.5053759795108824,0.9289502636753665
275,0.4627143130964135,0.9125913595323285,0.4627143130964135,0.6095712959993022,0.6095712959993022,1.2470043428243687,0.5120048395549978,0.5120048395549978,0.9350837076892214
276,0.45027300847617,0.9062389609753432,0.45027300847617,0.6271065886029725,0.6271065886029725,1.2608704674588023,0.515766593336149,0.515766593336149,0.9169141293977157
277,0.46324313451519566,0.891552019528565,0.46324313451519566,0.6207750548428003,0.6207750548428003,1.2485360691118481,0.5191919439621554,0.5191919439621554,0.9427008050505337
278,0.4442934676130783,0.8600713424473418,0.4442934676130783,0.5875521703364731,0.5875521703364731,1.2618950503508068,0.4644065576655264,0.4644065576655264,0.8442810292182218
279,0.44107530783003834,0.8690288528466031,0.44107530783003834,0.5960210695466162,0.5960210695466162,1.2283902675419027,0.4792547407951064,0.4792547407951064,0.872252315836314
280,0.45215567198888884,0.8713282010756508,0.45215567198888884,0.5905865122610172,0.5905865122610172,1.1988672591388283,0.5115732236672904,0.5115732236672904,0.9364137602849743
281,0.4410446269431453,0.8877711210810234,0.4410446269431453,0.6340983009157072,0.6340983009157072,1.2468329840825627,0.5238567026516864,0.5238567026516864,0.9140479280240238
282,0.4620135018640208,0.9044208597386514,0.4620135018640208,0.6147937282863225,0.6147937282863225,1.2477837255078013,0.505635752932716,0.505635752932716,0.9005518522869361
283,0.4346400240119094,0.863153389254012,0.4346400240119094,0.6065474148032329,0.6065474148032329,1.2685410203193206,0.5005800387331547,0.5005800387331547,0.8990115803295163
284,0.47442180825007435,0.910607547036909,0.47442180825007435,0.6040710840841663,0.6040710840841663,1.314450001323483,0.49568886884296215,0.49568886884296215,0.8923766511746851
285,0.462611844639694,0.9240000697050882,0.462611844639694,0.6475848254142152,0.6475848254142152,1.2568796448730006,0.5463857068360307,0.5463857068360307,1.0272279550722536
286,0.4284550141139888,0.8505092166723043,0.4284550141139888,0.5885264655936353,0.5885264655936353,1.2097346072920618,0.49539252819905755,0.49539252819905755,0.9231906051290845
287,0.4536554977674398,0.9027110828236847,0.4536554977674398,0.5904531109469019,0.5904531109469019,1.180672294434606,0.50730424618903,0.50730424618903,0.9195890569119263
288,0.4487689882161564,0.8841175689092408,0.4487689882161564,0.5857673498160939,0.5857673498160939,1.2187243292753847,0.4714820849076482,0.4714820849076482,0.8918933106103183
289,0.45127708022516,0.8788609486224257,0.45127708022516,0.5797659190435374,0.5797659190435374,1.173307402358185,0.4613005132165574,0.4613005132165574,0.8727676688055449
