target,output
[9.25],[9.336214065551758]
[10.859999656677246],[10.780771255493164]
[8.699999809265137],[8.618575096130371]
[10.699999809265137],[10.590920448303223]
[19.6200008392334],[18.9832706451416]
[3.5899999141693115],[3.6729342937469482]
[6.550000190734863],[6.879701614379883]
[6.389999866485596],[7.088839054107666]
[14.619999885559082],[14.759468078613281]
[8.779999732971191],[8.676994323730469]
[8.140000343322754],[8.215509414672852]
[6.199999809265137],[5.939329147338867]
[10.770000457763672],[10.445598602294922]
[2.2699999809265137],[2.2804884910583496]
[17.6299991607666],[17.315916061401367]
[19.700000762939453],[19.492265701293945]
[5.239999771118164],[5.344668865203857]
[11.350000381469727],[11.275432586669922]
[9.210000038146973],[10.428388595581055]
[19.899999618530273],[19.742605209350586]
[18.530000686645508],[18.418264389038086]
[13.960000038146973],[13.742130279541016]
[4.019999980926514],[3.8438143730163574]
[5.210000038146973],[5.323001861572266]
[18.15999984741211],[17.816896438598633]
[21.200000762939453],[21.22564125061035]
[5.940000057220459],[6.071730136871338]
[13.449999809265137],[13.310190200805664]
[17.049999237060547],[16.24839210510254]
[14.65999984741211],[13.149813652038574]
[19.969999313354492],[20.002592086791992]
[21.399999618530273],[22.26897430419922]
[3.869999885559082],[4.07041072845459]
[6.269999980926514],[6.298205375671387]
[8.079999923706055],[8.400843620300293]
[8.25],[8.215986251831055]
[7.739999771118164],[8.321329116821289]
[20.200000762939453],[19.892751693725586]
[3.440000057220459],[2.546656608581543]
[15.529999732971191],[15.64554214477539]
[18.899999618530273],[18.5903263092041]
[2.75],[2.720093250274658]
[2.700000047683716],[2.745171546936035]
[11.050000190734863],[10.227363586425781]
[2.450000047683716],[2.6207275390625]
[17.75],[18.451738357543945]
[4.53000020980835],[4.396876811981201]
[8.5600004196167],[8.737419128417969]
[7.239999771118164],[7.203304290771484]
[8.399999618530273],[7.917268753051758]
[6.260000228881836],[6.249739646911621]
[13.100000381469727],[12.872333526611328]
[8.75],[8.532358169555664]
[11.949999809265137],[11.551920890808105]
[11.579999923706055],[11.544445037841797]
[8.260000228881836],[8.403448104858398]
[4.860000133514404],[4.8808746337890625]
[16.559999465942383],[16.123327255249023]
[5.710000038146973],[5.819324016571045]
[5.210000038146973],[5.36985445022583]
[1.6299999952316284],[2.0701651573181152]
[5.099999904632568],[5.098511219024658]
[2.9600000381469727],[3.118013620376587]
[24.799999237060547],[24.93635368347168]
[6.550000190734863],[6.587210655212402]
[20.3799991607666],[20.130464553833008]
[3.619999885559082],[3.6882591247558594]
[6.119999885559082],[6.272395133972168]
[19.399999618530273],[19.5331974029541]
[9.380000114440918],[9.036888122558594]
[10.479999542236328],[10.67146110534668]
[15.319999694824219],[15.684606552124023]
[7.0],[7.11515474319458]
[14.760000228881836],[14.33407974243164]
[6.369999885559082],[6.103034973144531]
[8.510000228881836],[8.525121688842773]
[13.260000228881836],[13.223082542419434]
[12.760000228881836],[12.367053031921387]
[20.149999618530273],[19.27216339111328]
[14.359999656677246],[11.867584228515625]
[11.539999961853027],[11.552103042602539]
[12.100000381469727],[11.913228988647461]
[5.840000152587891],[5.824687480926514]
[6.190000057220459],[6.261547088623047]
[3.8499999046325684],[3.936006546020508]
[1.7300000190734863],[1.755421757698059]
[9.239999771118164],[9.419191360473633]
[5.190000057220459],[5.268105506896973]
[1.6399999856948853],[1.6412917375564575]
[9.899999618530273],[9.627967834472656]
[2.440000057220459],[2.431415557861328]
[16.479999542236328],[16.445449829101562]
[19.75],[20.23141098022461]
[18.209999084472656],[18.192201614379883]
[11.800000190734863],[11.594571113586426]
[4.75],[4.850154876708984]
[3.2100000381469727],[2.709702730178833]
[6.840000152587891],[7.0093512535095215]
[17.68000030517578],[18.317031860351562]
[11.25],[11.315017700195312]
[11.279999732971191],[11.557697296142578]
[2.2200000286102295],[2.3889381885528564]
[8.789999961853027],[8.788703918457031]
[23.8799991607666],[22.78877830505371]
[10.399999618530273],[10.566158294677734]
[6.46999979019165],[6.621471405029297]
[4.710000038146973],[4.341378211975098]
[12.1899995803833],[12.094352722167969]
[10.170000076293945],[10.284053802490234]
[19.479999542236328],[19.720731735229492]
[14.789999961853027],[14.17250919342041]
[12.800000190734863],[13.143123626708984]
[19.299999237060547],[19.043428421020508]
[2.700000047683716],[3.289785861968994]
[9.829999923706055],[9.71168041229248]
[11.9399995803833],[12.27382755279541]
[5.820000171661377],[5.677070617675781]
[14.819999694824219],[14.40324592590332]
[17.34000015258789],[17.28459358215332]
[5.090000152587891],[5.074194431304932]
[4.0],[4.149094581604004]
[19.030000686645508],[19.028961181640625]
[11.489999771118164],[11.892926216125488]
[4.519999980926514],[4.6973466873168945]
[17.799999237060547],[17.205541610717773]
[3.359999895095825],[3.4301280975341797]
[11.4399995803833],[11.526954650878906]
[8.449999809265137],[8.341869354248047]
[12.260000228881836],[12.68943977355957]
[4.360000133514404],[4.404130935668945]
[9.979999542236328],[21.403884887695312]
[2.5],[2.5889039039611816]
[21.200000762939453],[20.83009910583496]
[17.200000762939453],[16.996152877807617]
[6.429999828338623],[6.5560503005981445]
[12.869999885559082],[12.927075386047363]
[17.200000762939453],[17.768285751342773]
[30.65999984741211],[26.43266487121582]
[19.100000381469727],[18.998897552490234]
[13.279999732971191],[13.663167953491211]
[7.090000152587891],[7.1074676513671875]
[8.850000381469727],[8.760875701904297]
[2.450000047683716],[2.541691780090332]
[11.75],[12.174369812011719]
[14.100000381469727],[14.562479972839355]
[11.6899995803833],[11.922063827514648]
[11.119999885559082],[8.26899528503418]
[3.2300000190734863],[2.694841146469116]
[17.780000686645508],[17.51963996887207]
[31.0],[27.4007511138916]
[20.350000381469727],[20.134841918945312]
[7.900000095367432],[7.896910190582275]
[7.760000228881836],[7.996042251586914]
[13.699999809265137],[13.304205894470215]
[8.15999984741211],[8.271400451660156]
[15.5],[15.1185941696167]
[19.719999313354492],[19.867198944091797]
[18.239999771118164],[18.148719787597656]
[13.850000381469727],[13.992375373840332]
[19.479999542236328],[19.551511764526367]
[15.539999961853027],[15.06906509399414]
[3.130000114440918],[3.1574289798736572]
[2.2799999713897705],[2.386213779449463]
[12.479999542236328],[12.910540580749512]
[12.449999809265137],[12.612632751464844]
[3.880000114440918],[3.833195209503174]
[8.369999885559082],[8.681118965148926]
[8.430000305175781],[8.438690185546875]
[11.930000305175781],[12.215438842773438]
[1.9800000190734863],[2.089939594268799]
[9.399999618530273],[9.577199935913086]
[18.43000030517578],[18.38887596130371]
[6.400000095367432],[6.515561103820801]
[6.480000019073486],[6.704588413238525]
[13.800000190734863],[11.885944366455078]
[9.979999542236328],[12.790823936462402]
[10.59000015258789],[10.624922752380371]
[17.56999969482422],[17.616273880004883]
[6.5],[6.430856704711914]
[10.229999542236328],[11.400373458862305]
[15.770000457763672],[15.229570388793945]
[21.0],[20.793476104736328]
[2.3499999046325684],[2.3931241035461426]
[1.100000023841858],[1.295373558998108]
[17.399999618530273],[17.276382446289062]
[18.93000030517578],[18.204160690307617]
[2.8299999237060547],[2.857599973678589]
[4.5],[4.531558990478516]
[2.3399999141693115],[5.0194091796875]
[19.899999618530273],[19.662384033203125]
[17.649999618530273],[17.731225967407227]
[10.9399995803833],[11.007566452026367]
[3.2300000190734863],[3.1286206245422363]
[14.739999771118164],[15.636892318725586]
[11.729999542236328],[11.440362930297852]
[9.0600004196167],[9.098652839660645]
[5.5],[5.397700309753418]
[7.0],[7.009748458862305]
[3.1700000762939453],[3.19307017326355]
[13.1899995803833],[16.58833122253418]
[14.40999984741211],[13.939342498779297]
[4.880000114440918],[4.692510604858398]
[5.110000133514404],[5.554545879364014]
[8.949999809265137],[9.063486099243164]
[4.329999923706055],[4.432834625244141]
[17.489999771118164],[17.725332260131836]
[3.8299999237060547],[3.975834846496582]
[11.180000305175781],[11.201193809509277]
[20.360000610351562],[21.893632888793945]
[8.420000076293945],[8.36646842956543]
[11.1899995803833],[11.266042709350586]
[19.049999237060547],[19.261329650878906]
[5.110000133514404],[5.02195405960083]
[12.0],[12.130668640136719]
[2.8399999141693115],[2.860990047454834]
[9.010000228881836],[9.358194351196289]
[16.940000534057617],[16.628541946411133]
[2.309999942779541],[2.287018299102783]
[12.470000267028809],[12.457246780395508]
[9.510000228881836],[9.466403007507324]
[16.690000534057617],[17.341115951538086]
[11.65999984741211],[11.661645889282227]
[26.209999084472656],[24.70388412475586]
[26.200000762939453],[26.101715087890625]
[1.6399999856948853],[1.4375629425048828]
[6.449999809265137],[6.58772611618042]
[4.809999942779541],[4.991419315338135]
[3.940000057220459],[3.853182792663574]
[5.889999866485596],[5.91433048248291]
[13.210000038146973],[13.07171630859375]
[11.979999542236328],[12.060749053955078]
[6.070000171661377],[5.794223785400391]
[2.0199999809265137],[2.0956883430480957]
[12.699999809265137],[12.756864547729492]
[20.09000015258789],[20.278539657592773]
[13.5],[13.271562576293945]
[15.399999618530273],[14.84718132019043]
[5.699999809265137],[5.924841403961182]
[13.229999542236328],[18.222715377807617]
[19.309999465942383],[17.351591110229492]
[8.770000457763672],[8.965805053710938]
[9.75],[10.191021919250488]
[8.029999732971191],[7.684873580932617]
[14.609999656677246],[14.9049654006958]
[17.100000381469727],[16.42878532409668]
[14.770000457763672],[14.984710693359375]
[2.9100000858306885],[2.8595237731933594]
[10.869999885559082],[10.720708847045898]
[3.8499999046325684],[3.248194456100464]
[23.809999465942383],[23.23040771484375]
[13.380000114440918],[13.832101821899414]
[1.7899999618530273],[2.0366086959838867]
[4.639999866485596],[4.565497875213623]
[17.479999542236328],[17.562381744384766]
[11.819999694824219],[11.978495597839355]
[7.0],[7.117198944091797]
[4.389999866485596],[4.520024299621582]
[6.0],[5.946100234985352]
[17.079999923706055],[17.090518951416016]
[7.519999980926514],[6.861817836761475]
[2.180000066757202],[2.0882678031921387]
[26.049999237060547],[24.974132537841797]
[11.520000457763672],[11.486507415771484]
[18.6200008392334],[18.664871215820312]
[2.5999999046325684],[2.3844475746154785]
[7.300000190734863],[6.152122497558594]
[17.31999969482422],[17.50633430480957]
[8.260000228881836],[8.325687408447266]
[7.340000152587891],[6.5498809814453125]
[11.789999961853027],[12.013227462768555]
[5.860000133514404],[5.959682464599609]
[7.980000019073486],[8.090978622436523]
[6.28000020980835],[6.395746231079102]
[3.2100000381469727],[3.138303279876709]
[19.68000030517578],[19.412353515625]
[15.100000381469727],[13.472302436828613]
[4.920000076293945],[5.268454074859619]
[20.100000381469727],[19.930953979492188]
[15.380000114440918],[15.924520492553711]
[4.789999961853027],[4.934319496154785]
[7.949999809265137],[7.845251083374023]
[12.859999656677246],[12.77005672454834]
[10.680000305175781],[10.430335998535156]
[5.929999828338623],[5.733206748962402]
[17.829999923706055],[18.26042366027832]
[17.809999465942383],[17.531511306762695]
[17.780000686645508],[17.462635040283203]
[2.190000057220459],[2.2531399726867676]
[7.389999866485596],[7.601184368133545]
[13.5600004196167],[13.14073657989502]
[13.8100004196167],[13.542379379272461]
[11.199999809265137],[9.247872352600098]
[14.100000381469727],[14.080751419067383]
[4.840000152587891],[4.931796073913574]
[20.809999465942383],[20.783273696899414]
[10.489999771118164],[10.668661117553711]
[13.710000038146973],[13.553694725036621]
[21.899999618530273],[20.86376953125]
[10.369999885559082],[10.345760345458984]
[19.5],[19.720731735229492]
[20.68000030517578],[20.196044921875]
[8.510000228881836],[8.690799713134766]
[15.109999656677246],[15.508916854858398]
[22.020000457763672],[21.65118980407715]
[4.010000228881836],[4.119375705718994]
[7.230000019073486],[7.017794609069824]
[4.940000057220459],[5.31452751159668]
[3.8499999046325684],[3.937852144241333]
[10.470000267028809],[10.388184547424316]
[2.940000057220459],[3.0324625968933105]
[7.920000076293945],[8.545187950134277]
[6.059999942779541],[6.557050704956055]
[2.4000000953674316],[2.516122579574585]
[4.010000228881836],[4.159767150878906]
[3.9200000762939453],[3.5841927528381348]
[3.950000047683716],[3.9725236892700195]
[3.700000047683716],[3.7828426361083984]
[2.509999990463257],[2.1092865467071533]
[15.960000038146973],[15.917783737182617]
[18.639999389648438],[18.756372451782227]
[12.40999984741211],[11.905167579650879]
[5.5],[7.063465595245361]
[8.510000228881836],[8.50738525390625]
[6.949999809265137],[6.207469940185547]
[8.3100004196167],[8.46059799194336]
[3.6500000953674316],[3.8809738159179688]
[6.150000095367432],[5.629218578338623]
[2.549999952316284],[2.5580344200134277]
[14.359999656677246],[13.75491714477539]
[22.389999389648438],[20.876625061035156]
[1.7599999904632568],[1.778511643409729]
[7.039999961853027],[7.1567277908325195]
[6.349999904632568],[5.947085857391357]
[14.770000457763672],[14.73808479309082]
[20.8700008392334],[20.79956817626953]
[5.130000114440918],[5.19075345993042]
[13.020000457763672],[13.078839302062988]
[11.5],[11.698799133300781]
[3.9100000858306885],[3.929812431335449]
[1.600000023841858],[3.48928165435791]
[11.199999809265137],[11.394821166992188]
[23.299999237060547],[23.41730499267578]
[13.100000381469727],[13.295988082885742]
[29.0],[27.761808395385742]
[21.600000381469727],[17.71544075012207]
[17.450000762939453],[15.730799674987793]
[9.779999732971191],[8.257743835449219]
[12.859999656677246],[12.832640647888184]
[20.75],[20.85521697998047]
[14.8100004196167],[15.386161804199219]
[14.84000015258789],[14.513530731201172]
[11.430000305175781],[11.688403129577637]
[17.610000610351562],[17.802797317504883]
[17.670000076293945],[18.051210403442383]
[6.400000095367432],[6.802437782287598]
[9.680000305175781],[9.472500801086426]
[12.8100004196167],[15.533553123474121]
[12.079999923706055],[11.937799453735352]
[14.989999771118164],[12.094054222106934]
[13.619999885559082],[13.676762580871582]
[11.600000381469727],[11.73391342163086]
[2.549999952316284],[2.432497501373291]
[7.150000095367432],[7.142555236816406]
[2.4000000953674316],[2.5300164222717285]
[4.289999961853027],[4.231871604919434]
[18.290000915527344],[15.834705352783203]
[11.050000190734863],[11.2078218460083]
[6.869999885559082],[5.542335510253906]
[6.369999885559082],[6.378884315490723]
[6.480000019073486],[6.629744052886963]
[9.420000076293945],[9.536415100097656]
[3.7799999713897705],[3.7218072414398193]
[8.949999809265137],[8.345805168151855]
[9.039999961853027],[9.45682144165039]
[6.960000038146973],[5.7054948806762695]
[12.5600004196167],[12.398405075073242]
[8.699999809265137],[8.937565803527832]
[2.9700000286102295],[3.0879650115966797]
[4.789999961853027],[5.026004314422607]
[8.9399995803833],[8.794576644897461]
[22.299999237060547],[22.948062896728516]
[3.619999885559082],[3.6761269569396973]
[16.850000381469727],[17.557321548461914]
[14.079999923706055],[13.888262748718262]
[4.690000057220459],[4.582231521606445]
[4.739999771118164],[4.8302226066589355]
[9.460000038146973],[9.16918659210205]
[13.930000305175781],[13.620229721069336]
[3.490000009536743],[2.421421527862549]
[12.430000305175781],[13.08909797668457]
[4.260000228881836],[4.025149345397949]
[11.130000114440918],[11.335808753967285]
[11.369999885559082],[11.55306625366211]
[3.380000114440918],[3.5640172958374023]
[9.369999885559082],[9.33222770690918]
[2.25],[2.4368367195129395]
[16.5],[16.79576301574707]
[12.5600004196167],[12.549046516418457]
[7.349999904632568],[7.368163108825684]
[19.829999923706055],[19.305896759033203]
[10.170000076293945],[10.328987121582031]
[16.979999542236328],[16.937702178955078]
[5.909999847412109],[6.163341522216797]
[10.869999885559082],[10.98299789428711]
[8.4399995803833],[8.74736213684082]
[8.260000228881836],[8.351428985595703]
[6.760000228881836],[6.582004070281982]
[3.0299999713897705],[3.1808388233184814]
[11.5],[11.687931060791016]
[1.75],[1.8202035427093506]
[15.010000228881836],[15.55552864074707]
[4.809999942779541],[4.890567779541016]
[10.25],[10.238739013671875]
[3.069999933242798],[3.099527597427368]
[3.700000047683716],[3.8668205738067627]
[5.28000020980835],[5.114750385284424]
[8.079999923706055],[8.489008903503418]
[2.1700000762939453],[2.2644031047821045]
[17.280000686645508],[17.598085403442383]
[5.650000095367432],[5.507643222808838]
[6.840000152587891],[7.033858299255371]
[2.7799999713897705],[2.6848416328430176]
[10.390000343322754],[10.724052429199219]
[10.100000381469727],[10.22074031829834]
[12.390000343322754],[12.41810417175293]
[2.859999895095825],[2.7366905212402344]
[5.21999979019165],[5.319934844970703]
[10.65999984741211],[10.76917552947998]
[11.949999809265137],[11.465810775756836]
[15.279999732971191],[15.527912139892578]
[19.020000457763672],[18.909717559814453]
[12.25],[12.122676849365234]
[9.359999656677246],[10.71092700958252]
[13.5600004196167],[13.267251014709473]
[4.699999809265137],[4.782577991485596]
[6.480000019073486],[6.287653923034668]
[18.1200008392334],[18.16415786743164]
[5.429999828338623],[5.657383918762207]
[14.800000190734863],[14.982023239135742]
[4.929999828338623],[4.9771270751953125]
[9.710000038146973],[10.286229133605957]
[20.920000076293945],[20.869291305541992]
[20.030000686645508],[19.782014846801758]
[5.010000228881836],[4.799563407897949]
[5.0],[4.914175033569336]
[8.140000343322754],[8.230707168579102]
[23.479999542236328],[23.393152236938477]
[23.579999923706055],[23.680299758911133]
[2.0799999237060547],[2.0955705642700195]
[15.100000381469727],[15.06665325164795]
[23.90999984741211],[23.354412078857422]
[20.739999771118164],[20.807950973510742]
[5.610000133514404],[5.783699989318848]
[4.639999866485596],[4.9417314529418945]
[6.070000171661377],[5.959573268890381]
[3.5799999237060547],[3.5718584060668945]
[23.149999618530273],[22.846057891845703]
[18.270000457763672],[18.397602081298828]
[20.049999237060547],[21.50780487060547]
[19.479999542236328],[19.50157356262207]
[18.799999237060547],[17.196107864379883]
[4.920000076293945],[4.872905731201172]
[3.7300000190734863],[3.6051552295684814]
[3.9000000953674316],[4.1567792892456055]
[3.6700000762939453],[3.5818514823913574]
[2.119999885559082],[2.1574108600616455]
[24.5],[23.225624084472656]
[9.020000457763672],[9.21600341796875]
[5.619999885559082],[5.707305908203125]
[8.880000114440918],[8.898568153381348]
[5.449999809265137],[5.471240997314453]
[5.059999942779541],[5.429957866668701]
[16.700000762939453],[16.819759368896484]
[5.690000057220459],[5.67253303527832]
[5.849999904632568],[5.602351188659668]
[10.050000190734863],[10.102717399597168]
[10.600000381469727],[11.43607234954834]
[6.079999923706055],[6.218149185180664]
[4.730000019073486],[5.609724521636963]
[6.199999809265137],[5.699345111846924]
[13.34000015258789],[13.7473726272583]
[6.53000020980835],[6.41812801361084]
[4.960000038146973],[4.996447563171387]
[11.720000267028809],[10.710450172424316]
[8.09000015258789],[8.225198745727539]
[17.649999618530273],[17.66645050048828]
[11.539999961853027],[11.85200309753418]
[5.829999923706055],[5.785417556762695]
[25.399999618530273],[24.84037971496582]
[3.8499999046325684],[4.020027160644531]
[2.009999990463257],[2.1582963466644287]
[14.470000267028809],[13.886820793151855]
[7.489999771118164],[7.346175670623779]
[11.720000267028809],[11.85505199432373]
[15.800000190734863],[16.13323402404785]
[3.799999952316284],[3.701564073562622]
[14.800000190734863],[15.149362564086914]
[21.469999313354492],[19.766983032226562]
[14.680000305175781],[14.191045761108398]
[6.349999904632568],[6.037778377532959]
[11.65999984741211],[11.753888130187988]
[4.170000076293945],[4.317249774932861]
[4.889999866485596],[4.823056221008301]
[19.260000228881836],[19.63981819152832]
[8.300000190734863],[8.569427490234375]
[4.329999923706055],[4.475138187408447]
[3.9600000381469727],[4.037707328796387]
[12.300000190734863],[15.987939834594727]
[6.829999923706055],[5.1319499015808105]
[10.489999771118164],[10.667892456054688]
[9.270000457763672],[9.067614555358887]
[4.079999923706055],[2.7947025299072266]
[34.400001525878906],[35.0188102722168]
[1.850000023841858],[1.8107999563217163]
[6.150000095367432],[5.703563690185547]
[14.15999984741211],[15.102770805358887]
[6.28000020980835],[6.226462364196777]
[8.850000381469727],[9.380598068237305]
[19.479999542236328],[18.5290470123291]
[6.860000133514404],[6.880645751953125]
[4.570000171661377],[4.708512306213379]
[2.9800000190734863],[3.2737154960632324]
[4.559999942779541],[4.4353437423706055]
[2.6500000953674316],[2.7762093544006348]
[19.5],[19.908342361450195]
[18.190000534057617],[17.817312240600586]
[23.0],[24.644182205200195]
[3.5],[3.5645956993103027]
[9.979999542236328],[10.484121322631836]
[13.399999618530273],[14.190567016601562]
[19.100000381469727],[17.513668060302734]
[7.340000152587891],[7.449979782104492]
[9.260000228881836],[9.411773681640625]
[12.460000038146973],[11.711006164550781]
[13.170000076293945],[13.306465148925781]
[10.930000305175781],[11.491107940673828]
[2.0899999141693115],[2.0905544757843018]
[9.029999732971191],[9.013357162475586]
[2.190000057220459],[2.253831386566162]
[11.699999809265137],[12.109447479248047]
[24.0],[24.74466896057129]
[17.299999237060547],[17.21796226501465]
[9.539999961853027],[8.81993579864502]
[20.579999923706055],[20.708311080932617]
[12.149999618530273],[12.02825927734375]
[6.130000114440918],[6.538153648376465]
[15.25],[14.603418350219727]
[9.4399995803833],[9.073287010192871]
[18.600000381469727],[18.393964767456055]
[6.360000133514404],[6.5637054443359375]
[18.200000762939453],[18.151493072509766]
[10.600000381469727],[10.48481559753418]
[5.679999828338623],[5.684218883514404]
[2.0999999046325684],[2.1426610946655273]
[5.460000038146973],[6.9477033615112305]
[18.450000762939453],[18.043415069580078]
[1.75],[2.587414026260376]
[2.1500000953674316],[2.1130292415618896]
[22.850000381469727],[10.495367050170898]
[3.25],[3.2345805168151855]
[18.43000030517578],[18.237634658813477]
[13.149999618530273],[13.991771697998047]
[6.130000114440918],[5.848038673400879]
[2.5899999141693115],[2.642782688140869]
[6.900000095367432],[6.909360885620117]
[12.270000457763672],[12.337172508239746]
[11.539999961853027],[11.876537322998047]
[20.100000381469727],[20.463953018188477]
[2.640000104904175],[2.656582832336426]
[24.260000228881836],[22.736595153808594]
[8.180000305175781],[8.407940864562988]
[5.369999885559082],[5.438641548156738]
[10.329999923706055],[11.592307090759277]
[14.25],[14.264789581298828]
[21.5],[19.00895881652832]
[5.360000133514404],[4.427508354187012]
[6.659999847412109],[6.826571941375732]
[5.179999828338623],[5.001335144042969]
[6.699999809265137],[6.660616874694824]
[24.299999237060547],[22.39995574951172]
[18.0],[17.29444694519043]
[11.75],[14.049365043640137]
[18.25],[17.762052536010742]
[8.779999732971191],[9.010419845581055]
[5.599999904632568],[5.789973735809326]
[3.8499999046325684],[5.112665176391602]
[1.9600000381469727],[2.871919631958008]
[4.699999809265137],[4.738448143005371]
[14.699999809265137],[15.192173957824707]
[5.260000228881836],[5.42340087890625]
[3.180000066757202],[3.0950276851654053]
[34.20000076293945],[28.45087242126465]
[17.0],[16.940202713012695]
[15.800000190734863],[20.70122718811035]
[13.869999885559082],[12.979413032531738]
[24.299999237060547],[24.09044075012207]
[13.300000190734863],[13.86882209777832]
[4.389999866485596],[4.449827194213867]
[10.59000015258789],[10.451494216918945]
[4.199999809265137],[3.813178062438965]
[11.039999961853027],[10.912715911865234]
[2.2200000286102295],[2.1278538703918457]
[1.6200000047683716],[1.6476671695709229]
[4.21999979019165],[4.113802909851074]
[4.179999828338623],[5.002849578857422]
[16.600000381469727],[16.625974655151367]
[11.199999809265137],[11.443559646606445]
[2.4000000953674316],[2.4116263389587402]
[2.4000000953674316],[2.4593775272369385]
[9.270000457763672],[9.235652923583984]
[3.109999895095825],[3.092886447906494]
[20.100000381469727],[20.861791610717773]
[10.100000381469727],[8.710391998291016]
[17.100000381469727],[17.19466781616211]
[11.869999885559082],[11.867271423339844]
[0.33000001311302185],[0.2328851819038391]
[17.959999084472656],[18.03622817993164]
[13.229999542236328],[13.168209075927734]
[6.78000020980835],[6.775721073150635]
[12.989999771118164],[13.20058822631836]
[14.699999809265137],[14.670674324035645]
[11.819999694824219],[11.796314239501953]
[2.759999990463257],[2.752872943878174]
[12.170000076293945],[12.077966690063477]
[23.0],[21.961061477661133]
[6.570000171661377],[6.73908805847168]
[3.609999895095825],[3.5492851734161377]
[10.739999771118164],[9.90868091583252]
[12.069999694824219],[11.92505931854248]
[17.549999237060547],[17.657691955566406]
[1.9600000381469727],[2.1047606468200684]
[7.710000038146973],[7.622053146362305]
[5.03000020980835],[5.337174415588379]
[18.299999237060547],[17.642648696899414]
[14.5],[14.872589111328125]
[12.25],[11.867971420288086]
[10.390000343322754],[10.639444351196289]
[12.699999809265137],[12.778369903564453]
[11.989999771118164],[12.239303588867188]
[8.420000076293945],[8.179944038391113]
[21.700000762939453],[23.113391876220703]
[11.470000267028809],[12.520227432250977]
[9.800000190734863],[9.842010498046875]
[10.140000343322754],[10.159767150878906]
[5.769999980926514],[5.578187465667725]
[18.479999542236328],[18.261493682861328]
[6.510000228881836],[6.483965873718262]
[9.300000190734863],[9.613451957702637]
[7.380000114440918],[7.215259552001953]
[8.529999732971191],[7.760908126831055]
[13.770000457763672],[13.305498123168945]
[16.729999542236328],[16.08491325378418]
[2.0299999713897705],[2.0772032737731934]
[9.880000114440918],[9.621065139770508]
[2.799999952316284],[2.553440570831299]
[7.869999885559082],[7.625842094421387]
[3.5],[3.2348923683166504]
[17.84000015258789],[18.01055145263672]
[9.6899995803833],[9.346792221069336]
[11.770000457763672],[11.800209045410156]
[7.099999904632568],[6.992949485778809]
[14.039999961853027],[13.713082313537598]
[3.1500000953674316],[3.2112557888031006]
[3.1500000953674316],[3.1599974632263184]
[5.260000228881836],[5.160311698913574]
[12.399999618530273],[12.456186294555664]
[12.289999961853027],[12.189348220825195]
[11.1899995803833],[10.894826889038086]
[8.710000038146973],[9.055264472961426]
[8.630000114440918],[8.688684463500977]
[5.070000171661377],[5.226014614105225]
[6.909999847412109],[7.0518622398376465]
[3.200000047683716],[2.3858156204223633]
[2.6600000858306885],[4.873529434204102]
[4.670000076293945],[4.823928356170654]
[14.09000015258789],[14.058221817016602]
[8.960000038146973],[9.084184646606445]
[11.520000457763672],[11.88676643371582]
[20.110000610351562],[20.407459259033203]
[3.4200000762939453],[3.4257001876831055]
[20.399999618530273],[20.1419734954834]
[17.399999618530273],[17.152587890625]
[16.90999984741211],[16.964006423950195]
[10.420000076293945],[10.729948043823242]
[10.649999618530273],[10.782407760620117]
[9.59000015258789],[9.264228820800781]
[16.5],[27.059375762939453]
[3.5999999046325684],[3.5840096473693848]
[11.600000381469727],[11.709747314453125]
[6.400000095367432],[6.617698669433594]
[3.4200000762939453],[3.403472900390625]
[19.399999618530273],[19.60493278503418]
[4.380000114440918],[4.467455863952637]
[13.15999984741211],[13.309419631958008]
[13.890000343322754],[13.714092254638672]
[5.300000190734863],[4.233433723449707]
[2.490000009536743],[2.0882318019866943]
[17.030000686645508],[16.403011322021484]
[18.309999465942383],[18.496809005737305]
[4.460000038146973],[4.41885232925415]
[14.380000114440918],[13.741838455200195]
[17.329999923706055],[17.300081253051758]
[5.519999980926514],[5.514410972595215]
[21.020000457763672],[21.44579315185547]
[19.200000762939453],[18.58467674255371]
[6.300000190734863],[6.315959930419922]
[2.640000104904175],[2.656637668609619]
[8.640000343322754],[8.894465446472168]
[9.680000305175781],[10.559465408325195]
[6.300000190734863],[6.6200714111328125]
[2.740000009536743],[3.1892600059509277]
[1.6100000143051147],[1.6692606210708618]
[4.869999885559082],[5.233137607574463]
[12.930000305175781],[13.17371654510498]
[7.480000019073486],[7.7720441818237305]
[7.960000038146973],[8.129044532775879]
[7.539999961853027],[7.524648189544678]
[17.270000457763672],[17.407026290893555]
[6.800000190734863],[6.649542808532715]
[6.070000171661377],[5.938060760498047]
[11.550000190734863],[11.644218444824219]
[10.420000076293945],[10.508145332336426]
[17.440000534057617],[17.93910026550293]
[8.579999923706055],[8.689592361450195]
[5.670000076293945],[5.672607421875]
[14.970000267028809],[15.664588928222656]
[11.6899995803833],[11.10329818725586]
[11.699999809265137],[11.873906135559082]
[14.789999961853027],[15.56502914428711]
[12.09000015258789],[12.348886489868164]
[2.2100000381469727],[2.05178165435791]
[19.469999313354492],[19.530359268188477]
[16.5],[15.422101974487305]
[6.210000038146973],[6.1556596755981445]
[7.929999828338623],[8.181449890136719]
[11.029999732971191],[10.727972030639648]
[2.5],[2.831969738006592]
[11.920000076293945],[11.631806373596191]
[18.440000534057617],[18.478464126586914]
[12.020000457763672],[12.077204704284668]
[2.299999952316284],[2.2861223220825195]
[6.449999809265137],[5.89473295211792]
[2.7899999618530273],[3.1645216941833496]
[10.010000228881836],[10.176963806152344]
[9.960000038146973],[10.033278465270996]
[21.850000381469727],[21.320077896118164]
[13.800000190734863],[13.506051063537598]
[10.65999984741211],[10.693727493286133]
[16.280000686645508],[16.86452865600586]
[3.819999933242798],[3.789607048034668]
[6.03000020980835],[5.847620010375977]
[5.75],[5.836401462554932]
[11.850000381469727],[14.151185035705566]
[6.420000076293945],[6.3054704666137695]
[9.319999694824219],[9.456145286560059]
[7.289999961853027],[7.200460433959961]
[10.880000114440918],[10.897998809814453]
[5.920000076293945],[6.241924285888672]
[29.0],[27.761808395385742]
[6.53000020980835],[6.628461837768555]
[12.069999694824219],[12.821982383728027]
[4.360000133514404],[4.436062812805176]
[19.40999984741211],[19.050186157226562]
[8.09000015258789],[8.135078430175781]
[6.079999923706055],[6.0713582038879395]
[11.779999732971191],[11.64915657043457]
[5.480000019073486],[5.600195407867432]
[8.649999618530273],[8.85715389251709]
[17.920000076293945],[18.141408920288086]
[23.899999618530273],[24.604528427124023]
[11.100000381469727],[11.321514129638672]
[6.309999942779541],[6.400381088256836]
[4.800000190734863],[4.877799034118652]
[8.579999923706055],[8.700834274291992]
[10.949999809265137],[10.981792449951172]
[17.0],[17.04166603088379]
[4.570000171661377],[4.443448066711426]
[5.519999980926514],[6.895476818084717]
[5.820000171661377],[5.752120018005371]
[5.570000171661377],[5.561405181884766]
[13.649999618530273],[13.480688095092773]
[6.130000114440918],[6.1277971267700195]
[4.340000152587891],[4.430432319641113]
[5.809999942779541],[5.90107536315918]
[17.989999771118164],[18.109590530395508]
[13.5],[13.192022323608398]
[9.279999732971191],[9.514947891235352]
[10.180000305175781],[10.368448257446289]
[19.899999618530273],[19.84416389465332]
[22.6200008392334],[21.245718002319336]
[2.7699999809265137],[2.8539910316467285]
[5.239999771118164],[5.139825820922852]
[4.570000171661377],[4.643767356872559]
[9.0],[9.242846488952637]
[6.320000171661377],[6.240396976470947]
[5.800000190734863],[5.834056854248047]
[7.489999771118164],[7.236838340759277]
[19.34000015258789],[19.444246292114258]
[5.860000133514404],[5.987213134765625]
[4.710000038146973],[4.794244766235352]
[9.170000076293945],[9.213217735290527]
[7.800000190734863],[7.752141952514648]
[8.520000457763672],[8.6608304977417]
[8.850000381469727],[8.628607749938965]
[2.3299999237060547],[2.4387640953063965]
[21.40999984741211],[21.33095359802246]
[2.1700000762939453],[2.25437593460083]
[8.859999656677246],[8.81353759765625]
[13.329999923706055],[13.422835350036621]
[5.110000133514404],[5.679691314697266]
[7.820000171661377],[7.829641342163086]
[12.600000381469727],[13.036754608154297]
[7.119999885559082],[5.939105987548828]
[2.569999933242798],[2.589853048324585]
[14.430000305175781],[13.929855346679688]
[17.579999923706055],[17.22751235961914]
[5.940000057220459],[5.929745674133301]
[15.300000190734863],[15.162703514099121]
[7.099999904632568],[7.202632904052734]
[15.289999961853027],[15.407352447509766]
[10.4399995803833],[10.707069396972656]
[2.8499999046325684],[2.724301815032959]
[9.949999809265137],[10.015814781188965]
[3.0299999713897705],[3.146301746368408]
[8.069999694824219],[8.082155227661133]
[20.649999618530273],[20.59404182434082]
[33.900001525878906],[32.69677734375]
[20.899999618530273],[20.018831253051758]
[19.299999237060547],[18.371898651123047]
[9.529999732971191],[9.411221504211426]
[15.710000038146973],[15.112677574157715]
[12.140000343322754],[12.08431625366211]
[2.609999895095825],[2.6175377368927]
[14.899999618530273],[15.526666641235352]
[13.010000228881836],[12.878442764282227]
[7.429999828338623],[6.6139421463012695]
[11.399999618530273],[11.472951889038086]
[12.449999809265137],[12.626703262329102]
[17.790000915527344],[17.63172721862793]
[3.0],[3.0473179817199707]
[9.75],[10.00747299194336]
[5.340000152587891],[5.246081352233887]
[5.150000095367432],[5.258820056915283]
[5.239999771118164],[5.162018299102783]
[5.829999923706055],[5.637210369110107]
[12.520000457763672],[12.14791202545166]
[10.729999542236328],[10.68162727355957]
[15.979999542236328],[15.888618469238281]
[3.7799999713897705],[3.9167702198028564]
[7.400000095367432],[8.138471603393555]
[4.309999942779541],[4.375433444976807]
[12.670000076293945],[12.225079536437988]
[4.389999866485596],[4.359917163848877]
[7.829999923706055],[7.715392112731934]
[16.5],[16.256319046020508]
[5.210000038146973],[5.623540878295898]
[8.789999961853027],[9.194036483764648]
[2.4000000953674316],[2.5614025592803955]
[12.75],[12.440849304199219]
[4.420000076293945],[4.6155595779418945]
[5.300000190734863],[5.037013053894043]
[3.359999895095825],[3.3623828887939453]
[14.850000381469727],[14.456820487976074]
[10.989999771118164],[11.004901885986328]
[8.100000381469727],[8.215835571289062]
[12.180000305175781],[12.21296501159668]
[9.350000381469727],[9.550865173339844]
[8.850000381469727],[8.534488677978516]
[26.799999237060547],[26.796663284301758]
[4.980000019073486],[5.208471775054932]
[17.100000381469727],[17.46384620666504]
[4.300000190734863],[5.17303466796875]
[4.800000190734863],[4.805102348327637]
[6.489999771118164],[7.079122543334961]
[11.300000190734863],[11.362527847290039]
[12.0],[12.818793296813965]
[15.100000381469727],[15.183064460754395]
[13.170000076293945],[13.202088356018066]
[5.139999866485596],[5.208792209625244]
[20.399999618530273],[20.428871154785156]
[7.670000076293945],[7.313097953796387]
[13.569999694824219],[13.564919471740723]
[1.6699999570846558],[1.6339828968048096]
[1.8600000143051147],[2.0374374389648438]
[17.1299991607666],[17.13410186767578]
[3.7899999618530273],[4.093744277954102]
[2.549999952316284],[2.6197924613952637]
[2.2899999618530273],[2.2691240310668945]
[12.449999809265137],[12.410472869873047]
[3.180000066757202],[3.1693992614746094]
[10.210000038146973],[10.155921936035156]
[5.449999809265137],[6.428495407104492]
[14.319999694824219],[14.859859466552734]
[20.420000076293945],[16.374040603637695]
[20.3799991607666],[20.310758590698242]
[6.820000171661377],[6.841191291809082]
[19.020000457763672],[18.43480110168457]
[11.0],[11.998449325561523]
[5.590000152587891],[5.526017189025879]
[15.59000015258789],[15.432953834533691]
[11.0600004196167],[10.74276351928711]
[4.599999904632568],[4.3805670738220215]
[10.510000228881836],[10.732454299926758]
[2.190000057220459],[2.1160881519317627]
[5.980000019073486],[5.838264465332031]
[11.130000114440918],[11.225065231323242]
[19.010000228881836],[18.867612838745117]
[5.179999828338623],[5.216490745544434]
[0.8500000238418579],[0.8606953620910645]
[3.3299999237060547],[3.1802501678466797]
[6.550000190734863],[6.461862564086914]
[19.299999237060547],[18.993696212768555]
[2.0999999046325684],[2.1057724952697754]
[11.050000190734863],[11.209519386291504]
[11.989999771118164],[12.697970390319824]
[21.68000030517578],[21.348737716674805]
[11.010000228881836],[10.399778366088867]
[10.9399995803833],[11.231160163879395]
[2.4000000953674316],[2.450125217437744]
[9.149999618530273],[9.292014122009277]
[2.299999952316284],[2.3341712951660156]
[6.159999847412109],[6.177571773529053]
[27.700000762939453],[25.271394729614258]
[18.989999771118164],[19.059770584106445]
[8.430000305175781],[8.540363311767578]
[19.40999984741211],[19.402957916259766]
[11.069999694824219],[11.189557075500488]
[7.820000171661377],[7.886634349822998]
[17.09000015258789],[17.086591720581055]
[5.630000114440918],[5.868072509765625]
[4.75],[4.798105716705322]
[18.079999923706055],[18.20793342590332]
[5.829999923706055],[5.947038650512695]
[2.390000104904175],[2.121950387954712]
[2.4000000953674316],[2.3657867908477783]
[9.079999923706055],[8.710506439208984]
[9.199999809265137],[9.628026962280273]
[11.430000305175781],[12.614864349365234]
[10.130000114440918],[10.365239143371582]
[17.110000610351562],[16.969959259033203]
[4.429999828338623],[4.428553581237793]
[6.289999961853027],[6.367616653442383]
[23.68000030517578],[22.815441131591797]
[16.270000457763672],[15.915324211120605]
[4.829999923706055],[3.8018484115600586]
[19.829999923706055],[19.996671676635742]
[5.619999885559082],[5.689941883087158]
[16.709999084472656],[15.714280128479004]
[12.6899995803833],[13.371822357177734]
[6.409999847412109],[6.329975605010986]
[3.880000114440918],[3.870302677154541]
[11.819999694824219],[11.940705299377441]
[16.5],[15.39309024810791]
[22.59000015258789],[22.56439971923828]
[17.540000915527344],[20.380918502807617]
[6.320000171661377],[6.308480739593506]
[10.0],[7.818426132202148]
[14.760000228881836],[14.389892578125]
[5.550000190734863],[6.8856096267700195]
[2.5999999046325684],[2.6114230155944824]
[11.949999809265137],[12.387029647827148]
[5.570000171661377],[5.523927688598633]
[17.950000762939453],[17.761613845825195]
[17.489999771118164],[17.65833854675293]
[19.59000015258789],[20.705270767211914]
[10.550000190734863],[10.594910621643066]
[11.720000267028809],[12.084423065185547]
[19.700000762939453],[19.83509635925293]
[18.309999465942383],[18.275188446044922]
[11.729999542236328],[11.779582023620605]
[13.739999771118164],[13.732564926147461]
[19.200000762939453],[20.016878128051758]
[7.099999904632568],[7.340799331665039]
[7.420000076293945],[7.360448360443115]
[19.770000457763672],[19.948225021362305]
[10.739999771118164],[11.081161499023438]
[6.260000228881836],[6.345974922180176]
[3.759999990463257],[3.7137818336486816]
[22.0],[21.74876594543457]
[4.599999904632568],[4.709012508392334]
[19.989999771118164],[20.29067039489746]
[2.25],[2.4798288345336914]
[4.360000133514404],[4.417242050170898]
[9.710000038146973],[9.663514137268066]
[2.9600000381469727],[3.108957290649414]
[6.550000190734863],[6.521299839019775]
[5.940000057220459],[6.051644325256348]
[4.840000152587891],[4.940289497375488]
[5.099999904632568],[5.190282344818115]
[4.380000114440918],[4.533664703369141]
[13.289999961853027],[13.189620971679688]
[14.649999618530273],[12.749015808105469]
[6.480000019073486],[6.623042583465576]
[8.5],[8.016314506530762]
[18.450000762939453],[18.095239639282227]
[5.130000114440918],[5.076018333435059]
[8.25],[8.381553649902344]
[16.610000610351562],[15.758914947509766]
[9.0],[9.108734130859375]
[17.030000686645508],[17.22934913635254]
[9.8100004196167],[9.998799324035645]
[8.529999732971191],[8.859923362731934]
[7.889999866485596],[7.896755218505859]
[7.5],[7.718328475952148]
[10.380000114440918],[10.091045379638672]
[1.8899999856948853],[1.7963695526123047]
[16.479999542236328],[15.586355209350586]
[6.460000038146973],[6.507518768310547]
[7.099999904632568],[7.2328081130981445]
[6.579999923706055],[6.152920722961426]
[6.210000038146973],[6.330197334289551]
[4.53000020980835],[4.576908588409424]
[7.650000095367432],[7.33920955657959]
[11.40999984741211],[11.388545989990234]
[3.390000104904175],[3.7147765159606934]
[8.710000038146973],[8.93986701965332]
[5.900000095367432],[6.078665733337402]
[8.380000114440918],[10.651537895202637]
[19.100000381469727],[19.836711883544922]
[9.0],[9.132575988769531]
[11.100000381469727],[11.232962608337402]
[10.479999542236328],[10.388010025024414]
[18.299999237060547],[19.0277042388916]
[15.350000381469727],[15.395801544189453]
[8.479999542236328],[8.342540740966797]
[9.529999732971191],[9.405909538269043]
[8.670000076293945],[8.744850158691406]
[11.399999618530273],[11.538110733032227]
[20.09000015258789],[20.635547637939453]
[4.210000038146973],[4.379495143890381]
[18.1299991607666],[18.204160690307617]
[12.710000038146973],[12.824131965637207]
[6.440000057220459],[6.599063396453857]
[3.130000114440918],[3.1871321201324463]
[5.630000114440918],[5.550581455230713]
[13.039999961853027],[16.989046096801758]
[12.579999923706055],[12.847658157348633]
[2.0299999713897705],[2.0926947593688965]
[18.979999542236328],[18.969970703125]
[15.479999542236328],[15.37121868133545]
[1.8700000047683716],[2.0550615787506104]
[15.300000190734863],[14.821407318115234]
[21.899999618530273],[20.83009910583496]
[5.010000228881836],[5.018209934234619]
[5.079999923706055],[5.804634094238281]
[4.489999771118164],[4.355454921722412]
[2.549999952316284],[2.5959160327911377]
[14.25],[15.061002731323242]
[4.349999904632568],[4.304149627685547]
[15.390000343322754],[15.03380298614502]
[5.869999885559082],[5.7376556396484375]
[1.4600000381469727],[1.404280185699463]
[6.170000076293945],[5.7514543533325195]
[15.100000381469727],[15.221820831298828]
[12.1899995803833],[11.99995231628418]
[15.020000457763672],[15.459310531616211]
[6.579999923706055],[5.906544208526611]
[18.700000762939453],[18.343385696411133]
[8.779999732971191],[10.448686599731445]
[13.699999809265137],[13.49671459197998]
[3.7799999713897705],[3.721914291381836]
[17.600000381469727],[19.00408363342285]
[7.78000020980835],[7.793138027191162]
[3.0899999141693115],[3.1750097274780273]
[6.380000114440918],[6.535188674926758]
[17.770000457763672],[17.825197219848633]
[12.260000228881836],[12.460811614990234]
[11.100000381469727],[11.134408950805664]
[30.790000915527344],[27.05937385559082]
[5.5],[5.634591102600098]
[16.690000534057617],[15.855489730834961]
[9.930000305175781],[11.603156089782715]
[6.239999771118164],[6.384511947631836]
[18.510000228881836],[18.623979568481445]
[5.550000190734863],[5.53793478012085]
[9.0],[10.519350051879883]
[1.649999976158142],[1.646559238433838]
[12.539999961853027],[12.466859817504883]
[17.020000457763672],[16.92229652404785]
[19.100000381469727],[20.517925262451172]
[11.399999618530273],[11.63720703125]
[7.389999866485596],[7.440586090087891]
[2.240000009536743],[2.2222659587860107]
[17.360000610351562],[17.44831657409668]
[16.290000915527344],[16.441076278686523]
[3.440000057220459],[3.3832247257232666]
[8.220000267028809],[8.739151954650879]
[8.779999732971191],[8.61397933959961]
[12.479999542236328],[13.562973022460938]
[7.159999847412109],[6.941390037536621]
[17.799999237060547],[15.844696998596191]
[6.079999923706055],[6.335445404052734]
[2.75],[2.8413593769073486]
[23.0],[23.980199813842773]
[6.309999942779541],[6.389330863952637]
[14.039999961853027],[14.006900787353516]
[2.9800000190734863],[3.081244468688965]
[16.81999969482422],[16.915719985961914]
[13.600000381469727],[13.629849433898926]
[2.75],[3.2916579246520996]
[11.0],[11.045361518859863]
[17.600000381469727],[17.120756149291992]
[13.779999732971191],[13.267969131469727]
[18.299999237060547],[18.5582332611084]
[5.269999980926514],[5.130762100219727]
[19.799999237060547],[18.704862594604492]
[14.239999771118164],[14.293458938598633]
[12.029999732971191],[11.938997268676758]
[15.109999656677246],[11.320154190063477]
[1.809999942779541],[1.8179888725280762]
[22.399999618530273],[21.17961883544922]
[4.800000190734863],[4.814888000488281]
[23.290000915527344],[23.27736473083496]
[15.109999656677246],[16.554439544677734]
[11.710000038146973],[10.640338897705078]
[1.6299999952316284],[1.6381688117980957]
[20.40999984741211],[19.861658096313477]
[7.510000228881836],[7.410086631774902]
[9.59000015258789],[9.659854888916016]
[4.670000076293945],[4.708053112030029]
[10.029999732971191],[9.2974853515625]
[12.029999732971191],[12.662323951721191]
[11.239999771118164],[11.150613784790039]
[2.0899999141693115],[2.070009231567383]
[8.510000228881836],[8.42121410369873]
[11.199999809265137],[11.399105072021484]
[4.320000171661377],[4.435507297515869]
[9.819999694824219],[9.915872573852539]
[5.400000095367432],[5.302159309387207]
[19.8700008392334],[20.214826583862305]
[17.790000915527344],[17.63681411743164]
[11.789999961853027],[10.559037208557129]
[18.700000762939453],[18.41769027709961]
[22.059999465942383],[22.31263542175293]
[5.130000114440918],[5.203252792358398]
[2.1500000953674316],[2.446683406829834]
[19.540000915527344],[19.2351131439209]
[1.6799999475479126],[1.6327626705169678]
[3.4800000190734863],[3.7602858543395996]
[3.0199999809265137],[3.1253108978271484]
[10.630000114440918],[11.052572250366211]
[14.800000190734863],[14.502217292785645]
[6.78000020980835],[6.791750431060791]
[9.09000015258789],[8.769299507141113]
[14.550000190734863],[14.105481147766113]
[1.8600000143051147],[2.863781452178955]
[16.8799991607666],[17.197053909301758]
[4.400000095367432],[4.561544895172119]
[15.880000114440918],[15.521485328674316]
[5.670000076293945],[5.848127365112305]
[12.239999771118164],[12.309520721435547]
[4.650000095367432],[4.184638977050781]
[12.579999923706055],[12.51142692565918]
[5.260000228881836],[5.111617088317871]
[7.840000152587891],[7.983180999755859]
[9.109999656677246],[9.00372314453125]
[5.840000152587891],[6.7458600997924805]
[8.3100004196167],[8.460103988647461]
[4.28000020980835],[4.393374443054199]
[10.1899995803833],[11.062217712402344]
[3.3499999046325684],[3.4314703941345215]
[13.829999923706055],[13.14273738861084]
[15.0],[14.889290809631348]
[13.829999923706055],[13.712038040161133]
[12.920000076293945],[13.08143424987793]
[13.420000076293945],[18.37190055847168]
[17.8700008392334],[18.151390075683594]
[5.610000133514404],[5.417413711547852]
[13.380000114440918],[13.293264389038086]
[11.640000343322754],[12.159856796264648]
[4.699999809265137],[4.73516845703125]
[14.569999694824219],[14.494012832641602]
[2.25],[2.13796067237854]
[9.399999618530273],[9.681343078613281]
[6.510000228881836],[6.3879547119140625]
[10.229999542236328],[10.521780014038086]
[5.5],[5.580316543579102]
[8.100000381469727],[8.208744049072266]
[7.5],[7.502176761627197]
[8.569999694824219],[8.629932403564453]
[12.149999618530273],[12.049905776977539]
[1.8799999952316284],[2.8974967002868652]
[4.099999904632568],[4.046485424041748]
[7.059999942779541],[7.325732231140137]
[3.359999895095825],[3.2742176055908203]
[3.049999952316284],[3.112621307373047]
[7.820000171661377],[7.996452331542969]
[14.220000267028809],[14.002786636352539]
[12.420000076293945],[12.491987228393555]
[12.829999923706055],[13.948270797729492]
[15.420000076293945],[15.084794044494629]
[20.790000915527344],[20.69244956970215]
[2.299999952316284],[2.460226058959961]
[19.600000381469727],[21.291114807128906]
[5.260000228881836],[6.35163688659668]
[21.600000381469727],[20.312986373901367]
[5.670000076293945],[5.049928665161133]
[5.900000095367432],[5.930347919464111]
[10.180000305175781],[10.358028411865234]
[14.489999771118164],[14.6149263381958]
[10.789999961853027],[11.532916069030762]
[8.84000015258789],[8.857677459716797]
[10.25],[10.245349884033203]
[8.850000381469727],[8.911102294921875]
[11.75],[12.408138275146484]
[5.349999904632568],[5.434822082519531]
[17.670000076293945],[17.60846519470215]
[8.100000381469727],[7.981794357299805]
[13.819999694824219],[13.739933967590332]
[18.399999618530273],[18.782329559326172]
[6.480000019073486],[5.726189613342285]
[1.6200000047683716],[1.6462414264678955]
[4.949999809265137],[5.034905433654785]
[13.1899995803833],[13.24267292022705]
[3.380000114440918],[3.464813232421875]
[12.819999694824219],[12.832120895385742]
[3.4000000953674316],[6.130236625671387]
[11.489999771118164],[11.591048240661621]
[15.149999618530273],[15.173988342285156]
[24.09000015258789],[22.76343536376953]
[9.539999961853027],[9.308515548706055]
[2.2799999713897705],[2.266618013381958]
[18.149999618530273],[18.51572036743164]
[6.420000076293945],[6.242987632751465]
[14.90999984741211],[13.348845481872559]
[26.299999237060547],[23.817180633544922]
[17.799999237060547],[18.65700340270996]
[13.5600004196167],[13.170345306396484]
[18.450000762939453],[18.410017013549805]
[0.8700000047683716],[0.20919060707092285]
[12.5],[16.580883026123047]
[16.559999465942383],[16.594589233398438]
[12.050000190734863],[12.011481285095215]
[21.149999618530273],[21.19203758239746]
[20.200000762939453],[20.06477165222168]
[7.119999885559082],[6.839583873748779]
[4.809999942779541],[5.556907653808594]
[4.440000057220459],[4.399757385253906]
[4.420000076293945],[4.565306663513184]
[2.609999895095825],[2.6463561058044434]
[6.059999942779541],[6.077459335327148]
[18.100000381469727],[15.616912841796875]
[9.6899995803833],[9.787006378173828]
[4.159999847412109],[4.177414894104004]
[9.859999656677246],[10.031240463256836]
[6.210000038146973],[6.39804744720459]
[5.900000095367432],[5.725431442260742]
[17.059999465942383],[17.54214096069336]
[9.489999771118164],[9.458699226379395]
[7.480000019073486],[7.385773658752441]
[10.109999656677246],[10.02051067352295]
[6.099999904632568],[5.9755377769470215]
[4.550000190734863],[4.625659942626953]
[3.799999952316284],[3.9498813152313232]
[18.690000534057617],[18.5644588470459]
[14.350000381469727],[14.036872863769531]
[11.300000190734863],[11.430290222167969]
[10.210000038146973],[10.613590240478516]
[3.2200000286102295],[3.1001663208007812]
[12.220000267028809],[12.031932830810547]
[7.889999866485596],[7.773478031158447]
[5.28000020980835],[5.217109680175781]
[10.199999809265137],[6.989299774169922]
[1.940000057220459],[2.087453603744507]
[11.25],[11.453807830810547]
[3.5299999713897705],[3.587026834487915]
[4.210000038146973],[3.7512598037719727]
[14.300000190734863],[15.071836471557617]
[5.820000171661377],[5.7707343101501465]
[7.739999771118164],[7.774055480957031]
[12.149999618530273],[11.99453067779541]
[7.440000057220459],[7.41799783706665]
[5.889999866485596],[5.815833568572998]
[12.350000381469727],[12.595117568969727]
[11.100000381469727],[10.8157958984375]
[13.199999809265137],[13.118768692016602]
[2.440000057220459],[2.4374325275421143]
[8.239999771118164],[8.18234634399414]
[7.960000038146973],[7.982368469238281]
[20.18000030517578],[19.64375114440918]
[22.389999389648438],[21.212575912475586]
[11.170000076293945],[11.346146583557129]
[14.850000381469727],[13.231678009033203]
[5.099999904632568],[5.413804531097412]
[5.090000152587891],[3.865765333175659]
[16.0],[16.34661102294922]
[6.409999847412109],[6.276679515838623]
[15.079999923706055],[15.154892921447754]
[22.600000381469727],[21.17962074279785]
[12.1899995803833],[12.457202911376953]
[15.199999809265137],[14.807941436767578]
[11.600000381469727],[11.479788780212402]
[10.699999809265137],[10.75893783569336]
[3.2699999809265137],[3.29555082321167]
[5.349999904632568],[5.365764617919922]
[6.670000076293945],[6.835963249206543]
[10.050000190734863],[10.40896987915039]
[11.399999618530273],[11.364555358886719]
[2.5799999237060547],[2.6510097980499268]
[17.93000030517578],[18.451736450195312]
[9.069999694824219],[9.331022262573242]
[13.979999542236328],[13.671648025512695]
[17.899999618530273],[17.4864501953125]
[20.969999313354492],[20.812973022460938]
[18.3799991607666],[18.337602615356445]
[4.25],[3.8304266929626465]
[26.969999313354492],[25.07441520690918]
[6.5],[6.570408821105957]
[18.3799991607666],[18.457834243774414]
[15.9399995803833],[15.533553123474121]
[2.9800000190734863],[2.951484441757202]
[14.15999984741211],[13.522134780883789]
[8.979999542236328],[9.055473327636719]
[0.8999999761581421],[3.231043815612793]
[12.760000228881836],[13.433637619018555]
[4.050000190734863],[4.129887104034424]
[5.460000038146973],[5.867096900939941]
[23.829999923706055],[23.355192184448242]
[12.399999618530273],[12.53489875793457]
[5.519999980926514],[5.434787750244141]
[18.770000457763672],[19.06871795654297]
[19.3700008392334],[18.350954055786133]
[18.479999542236328],[18.512845993041992]
[11.739999771118164],[11.48825454711914]
[6.0],[6.061251640319824]
[13.399999618530273],[13.400773048400879]
[3.5],[3.4854044914245605]
[19.139999389648438],[20.166263580322266]
[8.670000076293945],[8.991842269897461]
[17.899999618530273],[18.923391342163086]
[8.210000038146973],[8.246480941772461]
[3.440000057220459],[3.5989742279052734]
[2.450000047683716],[2.464416742324829]
[12.1899995803833],[11.720046997070312]
[13.699999809265137],[14.302310943603516]
[7.880000114440918],[7.7000532150268555]
[9.430000305175781],[9.46364974975586]
[11.4399995803833],[11.539627075195312]
[36.099998474121094],[34.7231559753418]
[6.760000228881836],[6.802257537841797]
[3.4000000953674316],[3.6955716609954834]
[3.630000114440918],[3.608330249786377]
[12.0],[11.673917770385742]
[4.570000171661377],[4.558474540710449]
[8.460000038146973],[8.65451431274414]
[8.130000114440918],[8.2520751953125]
[16.799999237060547],[15.78352165222168]
[28.100000381469727],[28.37420654296875]
[23.610000610351562],[23.70387077331543]
[14.5],[14.226938247680664]
[13.600000381469727],[15.171684265136719]
[11.819999694824219],[12.079141616821289]
[13.369999885559082],[13.42896842956543]
[13.079999923706055],[13.587814331054688]
[3.809999942779541],[3.7630977630615234]
[16.690000534057617],[17.284591674804688]
[15.0],[11.911323547363281]
[11.539999961853027],[11.369632720947266]
[21.100000381469727],[21.226924896240234]
[4.099999904632568],[4.428450584411621]
[4.909999847412109],[5.005025863647461]
[23.450000762939453],[22.887632369995117]
[20.399999618530273],[20.555946350097656]
[17.920000076293945],[16.989046096801758]
[8.100000381469727],[8.212806701660156]
[16.850000381469727],[16.540246963500977]
[18.799999237060547],[19.03367805480957]
[2.299999952316284],[2.422539234161377]
[22.68000030517578],[22.412437438964844]
[14.199999809265137],[13.872396469116211]
[14.100000381469727],[14.959464073181152]
[7.989999771118164],[7.81312370300293]
[3.799999952316284],[3.7878918647766113]
[6.050000190734863],[5.985166072845459]
[15.420000076293945],[14.853655815124512]
[12.34000015258789],[12.25716781616211]
[9.59000015258789],[10.365021705627441]
[9.020000457763672],[9.146308898925781]
[9.260000228881836],[13.622283935546875]
[15.380000114440918],[15.164024353027344]
[6.449999809265137],[6.558468818664551]
[10.489999771118164],[10.384098052978516]
[17.0],[17.2066707611084]
[9.149999618530273],[8.452832221984863]
[13.979999542236328],[13.793312072753906]
[14.699999809265137],[14.19486141204834]
[13.300000190734863],[13.475656509399414]
[6.480000019073486],[6.800623416900635]
[6.050000190734863],[6.21566915512085]
[14.130000114440918],[13.900531768798828]
[1.0],[1.0590157508850098]
[4.789999961853027],[4.805920600891113]
[13.829999923706055],[13.657533645629883]
[2.25],[2.261237144470215]
[2.5999999046325684],[2.608603000640869]
[4.090000152587891],[3.946129083633423]
[6.860000133514404],[6.819142818450928]
[13.529999732971191],[13.543147087097168]
[1.6399999856948853],[1.6631118059158325]
[17.15999984741211],[17.478477478027344]
[41.0],[37.117340087890625]
[12.34000015258789],[12.403755187988281]
[17.049999237060547],[17.23040199279785]
[19.520000457763672],[19.483030319213867]
[9.720000267028809],[9.680126190185547]
[9.079999923706055],[9.283977508544922]
[24.799999237060547],[24.621103286743164]
[24.649999618530273],[24.74122428894043]
[10.140000343322754],[10.466632843017578]
[3.4800000190734863],[3.238999843597412]
[7.900000095367432],[8.086913108825684]
[13.140000343322754],[13.46206283569336]
[8.100000381469727],[8.338516235351562]
[2.140000104904175],[2.0672173500061035]
[18.190000534057617],[18.43480110168457]
[8.800000190734863],[8.691184997558594]
[4.599999904632568],[4.94477653503418]
[13.850000381469727],[13.605460166931152]
[17.59000015258789],[18.01753044128418]
[17.399999618530273],[17.34048080444336]
[7.980000019073486],[8.511859893798828]
[3.1700000762939453],[3.141896963119507]
[20.239999771118164],[20.179311752319336]
[11.119999885559082],[11.151531219482422]
[4.929999828338623],[5.581151485443115]
[15.5],[16.367076873779297]
[4.409999847412109],[4.370071887969971]
[13.75],[13.775456428527832]
[10.5],[10.801576614379883]
[9.739999771118164],[14.031253814697266]
[12.529999732971191],[13.46916675567627]
[9.369999885559082],[9.975831031799316]
[20.389999389648438],[20.362245559692383]
[9.899999618530273],[10.0540771484375]
[3.75],[2.811046600341797]
[6.829999923706055],[6.814165115356445]
[5.449999809265137],[5.628915786743164]
[7.269999980926514],[7.2374396324157715]
[15.90999984741211],[15.566146850585938]
[5.829999923706055],[5.659912109375]
[5.130000114440918],[5.064690113067627]
[14.229999542236328],[13.747993469238281]
[15.300000190734863],[15.093280792236328]
[4.190000057220459],[5.071080684661865]
[19.579999923706055],[19.151155471801758]
[16.229999542236328],[14.29885482788086]
[19.450000762939453],[19.616849899291992]
[7.710000038146973],[7.010948181152344]
[5.199999809265137],[5.558768272399902]
[12.789999961853027],[12.929466247558594]
[4.420000076293945],[4.437582015991211]
[5.21999979019165],[5.34889030456543]
[12.0],[12.155981063842773]
[10.479999542236328],[10.650019645690918]
[11.140000343322754],[11.364069938659668]
[4.260000228881836],[4.262474060058594]
[2.5399999618530273],[2.075364589691162]
[8.460000038146973],[8.788323402404785]
[6.070000171661377],[6.091614723205566]
[5.429999828338623],[5.318612098693848]
[5.150000095367432],[4.882681369781494]
[8.770000457763672],[8.906026840209961]
[15.989999771118164],[15.34349536895752]
[12.869999885559082],[12.977045059204102]
[19.200000762939453],[15.993940353393555]
[13.119999885559082],[12.900432586669922]
[13.84000015258789],[13.70314884185791]
[13.449999809265137],[13.701055526733398]
[17.899999618530273],[18.267580032348633]
[13.369999885559082],[13.551368713378906]
[15.90999984741211],[15.401961326599121]
[2.0799999237060547],[2.1030797958374023]
[2.190000057220459],[2.0877957344055176]
[16.59000015258789],[16.71649932861328]
[3.390000104904175],[3.4153099060058594]
[23.829999923706055],[19.510351181030273]
[13.130000114440918],[13.182865142822266]
[8.770000457763672],[8.898048400878906]
[11.739999771118164],[12.027173042297363]
[8.180000305175781],[8.202543258666992]
[14.569999694824219],[14.723684310913086]
[3.1600000858306885],[3.177471160888672]
[5.389999866485596],[5.648614406585693]
[5.699999809265137],[5.809078216552734]
[23.579999923706055],[23.432825088500977]
[18.170000076293945],[18.195817947387695]
[3.4600000381469727],[3.8502819538116455]
[5.730000019073486],[5.985042572021484]
[15.6899995803833],[15.599791526794434]
[7.0],[7.069637298583984]
[18.1299991607666],[18.350954055786133]
[23.479999542236328],[18.159770965576172]
[18.90999984741211],[18.757822036743164]
[5.099999904632568],[5.020913124084473]
[5.940000057220459],[6.02113151550293]
[7.010000228881836],[7.2955827713012695]
[8.65999984741211],[8.65306282043457]
[11.5],[10.869668960571289]
[15.350000381469727],[15.427934646606445]
[10.100000381469727],[10.485296249389648]
[17.06999969482422],[16.311092376708984]
[5.0],[4.888138771057129]
[2.5999999046325684],[2.5965421199798584]
[10.630000114440918],[10.708333015441895]
[12.600000381469727],[12.68032455444336]
[20.6299991607666],[20.19270896911621]
[11.699999809265137],[11.406073570251465]
[17.760000228881836],[16.00855255126953]
[14.979999542236328],[13.378019332885742]
[11.430000305175781],[10.443904876708984]
[11.920000076293945],[6.7649993896484375]
[4.71999979019165],[4.833550930023193]
[8.569999694824219],[9.118143081665039]
[18.229999542236328],[18.356029510498047]
[18.18000030517578],[18.39032745361328]
[14.829999923706055],[14.547149658203125]
[4.5],[8.01545524597168]
[19.239999771118164],[18.747360229492188]
[4.650000095367432],[4.796483993530273]
[20.65999984741211],[20.53654670715332]
[5.460000038146973],[4.9657416343688965]
[6.710000038146973],[6.7855658531188965]
[2.4800000190734863],[2.589569568634033]
[4.920000076293945],[4.854938507080078]
[3.109999895095825],[3.1127169132232666]
[17.850000381469727],[17.50050163269043]
[4.900000095367432],[3.617563486099243]
[10.489999771118164],[10.695575714111328]
[3.4000000953674316],[3.380516290664673]
[17.360000610351562],[18.009973526000977]
[6.119999885559082],[6.202387809753418]
[4.96999979019165],[4.952752113342285]
[20.799999237060547],[20.772668838500977]
[11.3100004196167],[11.53513240814209]
[22.270000457763672],[18.84547233581543]
[7.789999961853027],[7.886356353759766]
[17.190000534057617],[18.142148971557617]
[7.099999904632568],[7.284295558929443]
[8.6899995803833],[8.751785278320312]
[5.929999828338623],[5.862574577331543]
[8.699999809265137],[8.909605026245117]
[3.109999895095825],[3.190128803253174]
[10.850000381469727],[10.928546905517578]
[18.940000534057617],[18.63480567932129]
[6.360000133514404],[6.13694953918457]
[8.420000076293945],[8.695733070373535]
[2.799999952316284],[2.6636288166046143]
[13.75],[13.624303817749023]
[17.149999618530273],[17.208162307739258]
[12.460000038146973],[12.179338455200195]
[12.649999618530273],[12.827981948852539]
[18.459999084472656],[18.109590530395508]
[4.409999847412109],[4.828337669372559]
[3.5899999141693115],[3.8356034755706787]
[10.670000076293945],[10.75412654876709]
[20.610000610351562],[20.59313201904297]
[6.050000190734863],[6.159668922424316]
[16.780000686645508],[16.92154884338379]
[9.539999961853027],[9.611553192138672]
[2.009999990463257],[2.0955586433410645]
[8.170000076293945],[8.289958000183105]
[18.899999618530273],[19.327611923217773]
[5.460000038146973],[5.445317268371582]
[8.260000228881836],[8.309755325317383]
[13.800000190734863],[13.676896095275879]
[16.829999923706055],[16.43170738220215]
[8.529999732971191],[8.205479621887207]
[9.829999923706055],[10.281233787536621]
[4.090000152587891],[4.315462589263916]
[14.399999618530273],[15.183573722839355]
[1.940000057220459],[2.0608973503112793]
[10.609999656677246],[10.814534187316895]
[18.200000762939453],[18.570053100585938]
[3.740000009536743],[3.5858213901519775]
[5.159999847412109],[5.317900657653809]
[21.200000762939453],[21.00709342956543]
[11.710000038146973],[11.389781951904297]
[7.179999828338623],[7.110381126403809]
[3.2699999809265137],[3.182791233062744]
[6.539999961853027],[6.469861030578613]
[6.210000038146973],[6.307355880737305]
[5.480000019073486],[4.91037654876709]
[4.090000152587891],[4.176254749298096]
[10.75],[10.597132682800293]
[3.740000009536743],[3.7476558685302734]
[11.3100004196167],[18.5290470123291]
[6.059999942779541],[5.984453201293945]
[19.639999389648438],[19.503461837768555]
[4.820000171661377],[4.885136127471924]
[5.480000019073486],[6.814051151275635]
[8.140000343322754],[8.100327491760254]
[15.350000381469727],[15.59398078918457]
[12.09000015258789],[12.175742149353027]
[5.929999828338623],[6.217129230499268]
[4.28000020980835],[4.006150245666504]
[14.710000038146973],[14.715581893920898]
[11.149999618530273],[11.537487983703613]
[5.130000114440918],[5.19856071472168]
[6.460000038146973],[6.495484352111816]
[3.1600000858306885],[3.148371696472168]
[10.760000228881836],[11.528730392456055]
[18.280000686645508],[17.897293090820312]
[3.940000057220459],[4.0664873123168945]
[11.850000381469727],[11.66419506072998]
[8.210000038146973],[8.417823791503906]
[19.389999389648438],[19.371068954467773]
[11.579999923706055],[11.767772674560547]
[6.139999866485596],[6.416697025299072]
[2.369999885559082],[2.308018922805786]
[10.930000305175781],[10.929234504699707]
[4.400000095367432],[4.482844352722168]
[10.920000076293945],[11.237592697143555]
[11.149999618530273],[11.197649002075195]
[11.329999923706055],[10.9108304977417]
[3.7300000190734863],[3.850074529647827]
[2.069999933242798],[2.0940728187561035]
[22.209999084472656],[22.233816146850586]
[13.390000343322754],[13.249577522277832]
[3.4100000858306885],[3.179736614227295]
[14.220000267028809],[14.055889129638672]
[19.709999084472656],[19.973220825195312]
[5.090000152587891],[5.090578079223633]
[21.239999771118164],[22.345478057861328]
[19.700000762939453],[19.772741317749023]
[5.420000076293945],[4.978616714477539]
[12.949999809265137],[13.37628173828125]
[4.019999980926514],[3.9133763313293457]
[12.789999961853027],[13.421794891357422]
[26.200000762939453],[26.092485427856445]
[21.18000030517578],[18.766075134277344]
[2.450000047683716],[2.4398765563964844]
[13.010000228881836],[11.490476608276367]
[4.190000057220459],[4.161375999450684]
[7.130000114440918],[6.908051490783691]
[11.930000305175781],[11.973952293395996]
[9.4399995803833],[9.431707382202148]
[13.539999961853027],[13.72102165222168]
[15.25],[14.810632705688477]
[5.460000038146973],[5.339122772216797]
[12.529999732971191],[13.175460815429688]
[17.600000381469727],[18.22849464416504]
[4.369999885559082],[5.158268451690674]
[8.770000457763672],[9.198413848876953]
[9.520000457763672],[10.202028274536133]
[14.40999984741211],[14.839140892028809]
[2.450000047683716],[3.2938461303710938]
[6.03000020980835],[6.097585678100586]
[20.969999313354492],[20.933988571166992]
[11.289999961853027],[11.478346824645996]
[4.599999904632568],[4.448310852050781]
[7.800000190734863],[8.303637504577637]
[8.220000267028809],[8.28421401977539]
[8.619999885559082],[8.142668724060059]
[4.860000133514404],[4.8881940841674805]
[12.739999771118164],[13.270195007324219]
[7.300000190734863],[7.345174312591553]
[19.690000534057617],[19.85857582092285]
[12.619999885559082],[16.123327255249023]
[11.579999923706055],[11.712762832641602]
[2.390000104904175],[2.256495952606201]
[12.0],[11.628716468811035]
[6.699999809265137],[7.0412917137146]
[18.829999923706055],[18.22271728515625]
[2.4700000286102295],[2.5902624130249023]
[8.609999656677246],[8.63902473449707]
[6.46999979019165],[6.441195964813232]
[2.6500000953674316],[2.4643821716308594]
[2.5999999046325684],[2.631568431854248]
[9.369999885559082],[9.561582565307617]
[20.5],[20.65143394470215]
[29.0],[24.9741268157959]
[17.399999618530273],[17.417314529418945]
[8.869999885559082],[9.29884147644043]
[10.600000381469727],[12.071163177490234]
[9.0600004196167],[9.102992057800293]
[0.029999999329447746],[0.209172785282135]
[15.65999984741211],[15.08361530303955]
[5.010000228881836],[5.389857769012451]
[8.380000114440918],[8.274590492248535]
[15.770000457763672],[15.17228889465332]
[7.710000038146973],[8.571209907531738]
[4.0],[3.995509624481201]
[4.460000038146973],[4.537487030029297]
[17.15999984741211],[16.89493751525879]
[16.700000762939453],[19.058835983276367]
[5.630000114440918],[6.550108432769775]
[4.519999980926514],[4.362860679626465]
[17.360000610351562],[17.75295066833496]
[12.479999542236328],[12.090461730957031]
[13.390000343322754],[12.902259826660156]
[18.84000015258789],[19.195409774780273]
[4.389999866485596],[4.455122947692871]
[15.699999809265137],[16.45792007446289]
[10.359999656677246],[10.403328895568848]
[4.900000095367432],[4.868082523345947]
[9.399999618530273],[9.153636932373047]
[4.909999847412109],[5.624237537384033]
[10.819999694824219],[10.910324096679688]
[20.5],[19.9510440826416]
[6.900000095367432],[7.0299577713012695]
[4.320000171661377],[4.224564075469971]
[13.850000381469727],[13.856761932373047]
[8.569999694824219],[9.131621360778809]
[7.159999847412109],[6.9375762939453125]
[18.389999389648438],[18.051210403442383]
[4.03000020980835],[3.872666597366333]
[3.9600000381469727],[4.2066802978515625]
[14.260000228881836],[14.25538444519043]
[6.239999771118164],[6.444792747497559]
[21.110000610351562],[21.080671310424805]
[14.800000190734863],[14.485048294067383]
[12.649999618530273],[11.375083923339844]
[5.46999979019165],[5.111203193664551]
[2.3499999046325684],[2.766892194747925]
[19.1299991607666],[18.496809005737305]
[17.200000762939453],[17.247770309448242]
[35.599998474121094],[32.696781158447266]
[7.099999904632568],[7.170510292053223]
[7.050000190734863],[7.172374248504639]
[9.5],[9.280517578125]
[3.390000104904175],[3.432068347930908]
[18.8700008392334],[18.192201614379883]
[13.699999809265137],[13.373479843139648]
[3.25],[3.554903507232666]
[17.1299991607666],[16.862016677856445]
[12.739999771118164],[10.606647491455078]
[12.140000343322754],[12.221254348754883]
[10.779999732971191],[10.65832233428955]
[4.260000228881836],[4.459297180175781]
[6.639999866485596],[6.985226631164551]
[11.25],[11.179656982421875]
[14.220000267028809],[14.202093124389648]
[12.130000114440918],[11.98926067352295]
[16.100000381469727],[15.379478454589844]
[6.28000020980835],[6.331353187561035]
[12.34000015258789],[12.851030349731445]
[16.959999084472656],[17.050500869750977]
[8.890000343322754],[10.387775421142578]
[7.21999979019165],[7.006402492523193]
[14.069999694824219],[13.59431266784668]
[3.6700000762939453],[4.092006683349609]
[14.5],[14.390416145324707]
[26.399999618530273],[24.87406349182129]
[17.299999237060547],[16.918550491333008]
[18.459999084472656],[18.70487403869629]
[2.259999990463257],[2.183877468109131]
[13.630000114440918],[13.510998725891113]
[3.8299999237060547],[3.903191566467285]
[3.5999999046325684],[2.821676731109619]
[17.700000762939453],[18.323843002319336]
[2.0],[2.0297789573669434]
[12.710000038146973],[13.60559368133545]
[5.889999866485596],[5.567722320556641]
[8.489999771118164],[8.453889846801758]
[10.3100004196167],[18.393964767456055]
[4.679999828338623],[4.654160499572754]
[3.009999990463257],[3.123533010482788]
[14.510000228881836],[13.344985961914062]
[20.399999618530273],[20.071544647216797]
[2.009999990463257],[1.9968619346618652]
[13.899999618530273],[14.275572776794434]
[13.140000343322754],[13.189882278442383]
[9.9399995803833],[10.280731201171875]
[12.979999542236328],[13.450460433959961]
[5.690000057220459],[5.558460235595703]
[9.180000305175781],[9.088090896606445]
[8.270000457763672],[8.396466255187988]
[4.679999828338623],[4.703573226928711]
[10.300000190734863],[9.860350608825684]
[15.460000038146973],[15.759532928466797]
[18.209999084472656],[17.900596618652344]
[10.869999885559082],[10.944217681884766]
[7.5],[7.46833610534668]
[7.28000020980835],[6.784028053283691]
[12.25],[11.952452659606934]
[7.190000057220459],[6.825660228729248]
[4.480000019073486],[4.491345405578613]
[3.4700000286102295],[3.5461175441741943]
[3.700000047683716],[3.6780574321746826]
[17.979999542236328],[18.10679054260254]
[8.510000228881836],[8.4854736328125]
[7.599999904632568],[7.537640571594238]
[5.25],[5.414585590362549]
[6.03000020980835],[6.121477127075195]
[14.039999961853027],[13.965170860290527]
[5.920000076293945],[5.823671340942383]
[4.489999771118164],[4.536625862121582]
[20.270000457763672],[20.143009185791016]
[5.809999942779541],[5.658823490142822]
[20.700000762939453],[20.714086532592773]
[1.350000023841858],[1.387195348739624]
[1.7799999713897705],[1.7652673721313477]
[7.420000076293945],[7.393969535827637]
[5.860000133514404],[5.742753982543945]
[3.0999999046325684],[3.271095037460327]
[6.420000076293945],[6.618198394775391]
[2.25],[2.1061439514160156]
[12.529999732971191],[12.584451675415039]
[5.199999809265137],[5.2286505699157715]
[21.079999923706055],[20.987924575805664]
[5.099999904632568],[5.019310474395752]
[6.070000171661377],[5.985579490661621]
[14.90999984741211],[14.453858375549316]
[9.0],[9.246109008789062]
[13.0],[13.188507080078125]
[12.470000267028809],[13.281752586364746]
[24.299999237060547],[22.399953842163086]
[17.75],[17.84549903869629]
[6.25],[6.297615051269531]
[2.200000047683716],[2.234384298324585]
[13.079999923706055],[16.42878532409668]
[2.700000047683716],[3.0458076000213623]
[6.880000114440918],[6.170933246612549]
[23.6200008392334],[23.151124954223633]
[9.359999656677246],[10.451665878295898]
[3.0],[3.144270420074463]
[3.680000066757202],[3.6766576766967773]
[20.770000457763672],[21.17962074279785]
[24.700000762939453],[24.625646591186523]
[3.4800000190734863],[3.180751323699951]
[11.270000457763672],[11.360734939575195]
[10.75],[10.537469863891602]
[15.15999984741211],[15.533759117126465]
[8.100000381469727],[8.194116592407227]
[19.100000381469727],[18.02262306213379]
[15.039999961853027],[15.280926704406738]
[5.329999923706055],[5.4047465324401855]
[9.0],[9.07491683959961]
[4.289999961853027],[3.3432393074035645]
[8.270000457763672],[7.937564849853516]
[15.170000076293945],[15.66347885131836]
[4.449999809265137],[3.8867831230163574]
[7.079999923706055],[7.027514934539795]
[8.829999923706055],[8.117097854614258]
[10.600000381469727],[10.457871437072754]
[4.46999979019165],[4.488801002502441]
[10.0],[9.985177040100098]
[10.25],[10.264918327331543]
[26.239999771118164],[26.219635009765625]
[15.600000381469727],[15.195274353027344]
[19.100000381469727],[19.839406967163086]
[10.760000228881836],[10.854846954345703]
[18.079999923706055],[17.840740203857422]
[9.720000267028809],[10.008171081542969]
[2.490000009536743],[2.4144444465637207]
[10.930000305175781],[11.23001480102539]
[2.0],[2.4351816177368164]
[11.350000381469727],[11.294557571411133]
[12.380000114440918],[10.9932222366333]
[17.15999984741211],[17.4246768951416]
[1.4800000190734863],[1.4694371223449707]
[8.539999961853027],[8.735477447509766]
[8.9399995803833],[9.32359504699707]
[6.329999923706055],[6.620591163635254]
[11.430000305175781],[11.454463958740234]
[6.46999979019165],[6.550253868103027]
[16.940000534057617],[17.485912322998047]
[3.9800000190734863],[3.897219181060791]
[6.670000076293945],[6.898065567016602]
[8.899999618530273],[8.375036239624023]
[6.5],[6.558053493499756]
[7.679999828338623],[7.386106014251709]
[30.299999237060547],[30.690927505493164]
[4.730000019073486],[4.792998313903809]
[5.099999904632568],[4.825252532958984]
[12.800000190734863],[13.134574890136719]
[6.400000095367432],[6.640744686126709]
[2.5999999046325684],[2.5356202125549316]
[6.599999904632568],[6.147233009338379]
[12.0],[11.85675048828125]
[20.389999389648438],[20.02018165588379]
[5.320000171661377],[5.4253458976745605]
[12.170000076293945],[11.766702651977539]
[38.5],[33.74656295776367]
[17.850000381469727],[18.258434295654297]
[2.200000047683716],[2.4178695678710938]
[6.650000095367432],[6.6778082847595215]
[5.420000076293945],[6.938358306884766]
[3.549999952316284],[3.8353915214538574]
[7.769999980926514],[8.000201225280762]
[2.8499999046325684],[2.8416998386383057]
[10.420000076293945],[10.307241439819336]
[4.570000171661377],[4.391735076904297]
[11.34000015258789],[11.548604965209961]
[10.399999618530273],[10.5547456741333]
[3.759999990463257],[3.860985279083252]
[4.670000076293945],[5.006361961364746]
[19.280000686645508],[18.950136184692383]
[6.53000020980835],[6.638218879699707]
[4.289999961853027],[4.658038139343262]
[10.479999542236328],[10.488668441772461]
[11.979999542236328],[11.190077781677246]
[16.420000076293945],[15.865194320678711]
[4.360000133514404],[4.58878231048584]
[11.800000190734863],[10.386007308959961]
[7.650000095367432],[7.59402322769165]
[13.020000457763672],[11.399737358093262]
[12.5],[11.320365905761719]
[13.039999961853027],[12.973630905151367]
[2.4800000190734863],[2.557933807373047]
[16.309999465942383],[16.323490142822266]
[5.769999980926514],[5.8797993659973145]
[3.690000057220459],[6.18798828125]
[11.399999618530273],[11.33655071258545]
[4.800000190734863],[4.921576499938965]
[17.420000076293945],[17.34196662902832]
[9.0],[8.139665603637695]
[10.640000343322754],[10.588211059570312]
[0.8999999761581421],[3.095740795135498]
[16.360000610351562],[15.987939834594727]
[3.4000000953674316],[3.253087043762207]
[4.929999828338623],[5.135200500488281]
[17.479999542236328],[17.564592361450195]
[12.930000305175781],[13.144929885864258]
[8.579999923706055],[8.734039306640625]
[20.520000457763672],[20.607919692993164]
[0.23999999463558197],[0.2017970234155655]
[12.229999542236328],[11.783937454223633]
[9.0],[9.428424835205078]
[4.929999828338623],[4.947597503662109]
[9.3100004196167],[9.18471908569336]
[18.920000076293945],[18.434175491333008]
[14.329999923706055],[13.87889289855957]
[14.800000190734863],[14.690932273864746]
[16.899999618530273],[17.679983139038086]
[4.909999847412109],[5.000054359436035]
[8.079999923706055],[8.398782730102539]
[14.479999542236328],[14.665077209472656]
[13.430000305175781],[13.790840148925781]
[15.210000038146973],[15.487457275390625]
[4.300000190734863],[4.632645130157471]
[3.809999942779541],[4.106511116027832]
[12.25],[12.230595588684082]
[29.0],[27.761808395385742]
[14.6899995803833],[14.18386459350586]
[7.940000057220459],[8.016839027404785]
[4.829999923706055],[4.917275428771973]
[5.550000190734863],[5.583683967590332]
[13.3100004196167],[13.44595718383789]
[15.829999923706055],[15.623026847839355]
[15.399999618530273],[14.894372940063477]
[6.860000133514404],[6.890793800354004]
[6.230000019073486],[5.069568634033203]
[8.710000038146973],[8.82896900177002]
[3.2100000381469727],[3.1089539527893066]
[26.799999237060547],[27.010255813598633]
[10.199999809265137],[10.682231903076172]
[6.639999866485596],[6.506381988525391]
[7.300000190734863],[7.27984619140625]
[7.940000057220459],[7.802995204925537]
[10.680000305175781],[10.754204750061035]
[7.599999904632568],[7.616147041320801]
[2.1500000953674316],[2.10083270072937]
[20.989999771118164],[21.02376937866211]
[4.539999961853027],[4.729914665222168]
[5.849999904632568],[6.028877258300781]
[6.46999979019165],[6.8445329666137695]
[10.859999656677246],[11.16303539276123]
[10.359999656677246],[10.588711738586426]
[2.069999933242798],[2.132197380065918]
[3.490000009536743],[3.5414419174194336]
[8.920000076293945],[8.79763126373291]
[5.869999885559082],[5.877438068389893]
[14.640000343322754],[14.619969367980957]
[9.529999732971191],[9.69201374053955]
[8.329999923706055],[8.410942077636719]
[5.210000038146973],[5.0676164627075195]
[15.869999885559082],[15.768364906311035]
[7.599999904632568],[7.645362854003906]
[2.5299999713897705],[2.5687575340270996]
[6.989999771118164],[6.951577186584473]
[14.520000457763672],[14.620800018310547]
[12.579999923706055],[12.552177429199219]
[17.0],[10.58091926574707]
[11.1899995803833],[11.34052848815918]
[9.25],[9.443769454956055]
[20.989999771118164],[20.88975715637207]
[10.890000343322754],[11.41049575805664]
[15.100000381469727],[14.671192169189453]
[17.15999984741211],[17.026758193969727]
[19.959999084472656],[19.80941390991211]
[6.5],[6.427246570587158]
[17.5],[18.05931282043457]
[13.020000457763672],[13.209421157836914]
[8.329999923706055],[8.205917358398438]
[10.359999656677246],[10.604524612426758]
[22.780000686645508],[21.45902442932129]
[21.389999389648438],[20.995492935180664]
[8.5],[8.634729385375977]
[3.9200000762939453],[4.054533958435059]
[9.6899995803833],[9.29284381866455]
[5.480000019073486],[5.226134300231934]
[5.389999866485596],[5.381243705749512]
[10.520000457763672],[10.476757049560547]
[11.229999542236328],[10.259109497070312]
[7.510000228881836],[7.326245307922363]
[13.3100004196167],[13.182347297668457]
[10.579999923706055],[10.535662651062012]
[13.229999542236328],[12.94838809967041]
[18.420000076293945],[18.21205711364746]
[7.059999942779541],[6.876003742218018]
[22.399999618530273],[21.17962074279785]
[15.729999542236328],[15.530030250549316]
[12.680000305175781],[12.827333450317383]
[10.0],[8.741442680358887]
[10.039999961853027],[9.574296951293945]
[5.039999961853027],[5.165188312530518]
[19.700000762939453],[19.056259155273438]
[2.8499999046325684],[2.7717201709747314]
[2.3299999237060547],[5.6620635986328125]
[27.899999618530273],[27.514780044555664]
[4.800000190734863],[4.826786041259766]
[4.289999961853027],[4.642224311828613]
[14.819999694824219],[14.859268188476562]
[4.289999961853027],[4.387285232543945]
[8.300000190734863],[8.222360610961914]
[6.489999771118164],[6.319189071655273]
[6.710000038146973],[6.48129940032959]
[8.460000038146973],[8.722620010375977]
[14.369999885559082],[13.804092407226562]
[9.010000228881836],[8.153167724609375]
[3.5999999046325684],[3.288586139678955]
[18.889999389648438],[19.1453800201416]
[10.550000190734863],[10.637262344360352]
[4.099999904632568],[5.080085754394531]
[6.099999904632568],[6.014629364013672]
[2.5],[2.4800195693969727]
[8.100000381469727],[8.427446365356445]
[19.110000610351562],[19.23762321472168]
[7.550000190734863],[7.654195308685303]
[7.21999979019165],[7.239615440368652]
[19.479999542236328],[19.692337036132812]
[2.109999895095825],[2.104877471923828]
[18.899999618530273],[17.78390884399414]
[6.800000190734863],[6.468001842498779]
[8.819999694824219],[8.804817199707031]
[22.799999237060547],[21.44579315185547]
[10.829999923706055],[10.656932830810547]
[6.880000114440918],[6.906319618225098]
[5.320000171661377],[5.417858600616455]
[7.159999847412109],[7.085498809814453]
[3.5199999809265137],[3.701256513595581]
[2.5],[2.395353078842163]
[8.430000305175781],[8.803515434265137]
[19.09000015258789],[17.532974243164062]
[18.200000762939453],[18.242341995239258]
[18.100000381469727],[18.503705978393555]
[13.90999984741211],[14.049931526184082]
[19.56999969482422],[19.23628044128418]
[1.600000023841858],[1.6397080421447754]
[8.350000381469727],[8.28232192993164]
[10.100000381469727],[10.2860107421875]
[6.260000228881836],[6.075683116912842]
[14.869999885559082],[15.10959529876709]
[16.700000762939453],[17.042329788208008]
[19.420000076293945],[19.506385803222656]
[10.1899995803833],[10.619095802307129]
[8.239999771118164],[8.516252517700195]
[2.6700000762939453],[2.6871390342712402]
[17.489999771118164],[17.952383041381836]
[9.609999656677246],[9.461570739746094]
[10.729999542236328],[10.784709930419922]
[8.020000457763672],[7.703902721405029]
[8.180000305175781],[8.247718811035156]
[3.369999885559082],[3.566152811050415]
[5.599999904632568],[5.028654098510742]
[9.130000114440918],[9.341788291931152]
[5.510000228881836],[6.816544532775879]
[15.300000190734863],[15.412671089172363]
[17.25],[17.25359344482422]
[16.0],[16.138395309448242]
[7.840000152587891],[7.894423961639404]
[12.149999618530273],[13.355876922607422]
[6.78000020980835],[4.834059715270996]
[12.529999732971191],[12.540719985961914]
[19.34000015258789],[19.23637580871582]
[18.190000534057617],[16.101350784301758]
[14.529999732971191],[14.578850746154785]
[12.880000114440918],[12.90369701385498]
[6.840000152587891],[7.076457500457764]
[10.350000381469727],[10.27155876159668]
[4.980000019073486],[4.9951276779174805]
[7.130000114440918],[7.2409234046936035]
[13.239999771118164],[13.202486991882324]
[13.84000015258789],[13.92601203918457]
[4.25],[4.517071723937988]
[12.6899995803833],[12.525123596191406]
[8.079999923706055],[8.050493240356445]
[5.809999942779541],[5.973575115203857]
[19.209999084472656],[18.93402671813965]
[9.09000015258789],[8.608736991882324]
[14.3100004196167],[13.557023048400879]
[19.739999771118164],[20.679771423339844]
[10.180000305175781],[10.421613693237305]
[14.25],[14.196301460266113]
[5.010000228881836],[3.9857349395751953]
[14.170000076293945],[13.933038711547852]
